total_shots_home,total_shots_away,shots_on_target_ratio_home,shots_on_target_ratio_away,average_shots_on_target_distance_home,average_shots_on_target_distance_away,shots_high_xG_home,shots_high_xG_away,shots_inside_area_home,shots_inside_area_away,shots_inside_area_ratio_home,shots_inside_area_ratio_away,shots_foot_home,shots_foot_away,shots_head_home,shots_head_away,shots_other_home,shots_other_away,total_passes_home,total_passes_away,pass_success_ratio_home,pass_success_ratio_away,key_passes_home,key_passes_away,passes_needed_to_make_a_shoot_home,passes_needed_to_make_a_shoot_away,crosses_home,crosses_away,cross_success_ratio_home,cross_success_ratio_away,corners_home,corners_away,interceptions_won_home,interceptions_won_away,recoveries_home,recoveries_away,blocks_home,blocks_away,duels_won_home,duels_won_away,tackles_home,tackles_away,tackles_success_ratio_home,tackles_success_ratio_away,fouls_committed_home,fouls_committed_away,50_50_won_home,50_50_won_away,clearances_home,clearances_away,penaltys_committed_home,penaltys_committed_away,key_errors_home,key_errors_away,miscontrols_home,miscontrols_away,yellow_cards_home,yellow_cards_away,red_cards_home,red_cards_away,pressures_home,pressures_away,counterpress_home,counterpress_away,pressures_in_attacking_third_home,pressures_in_attacking_third_away,offsides_home,offsides_away,dribbles_home,dribbles_away,dribbles_success_ratio_home,dribbles_success_ratio_away,injury_substitutions_home,injury_substitutions_away,players_off_home,players_off_away,dispossessed_home,dispossessed_away,counterattacks_home,counterattacks_away,possession_percentage_home,possession_percentage_away,recoveries_attacking_third_home,recoveries_attacking_third_away,recoveries_middle_third_home,recoveries_middle_third_away,recoveries_defensive_third_home,recoveries_defensive_third_away,shots_under_pressure_home,shots_under_pressure_away,shots_inside_area_under_pressure_home,shots_inside_area_under_pressure_away,passes_under_pressure_home,passes_under_pressure_away,passes_inside_area_under_pressure_home,passes_inside_area_under_pressure_away,set_piece_shots_home,set_piece_shots_away,set_piece_shots_inside_area_home,set_piece_shots_inside_area_away,set_piece_shots_on_target_ratio_home,set_piece_shots_on_target_ratio_away,substitutions_home,substitutions_away,tactical_substitutions_home,tactical_substitutions_away,tactical_changes_home,tactical_changes_away,formation_changes_home,formation_changes_away,last_3_matches_form_home,is_valid_last_3_matches_form_home,last_3_matches_form_away,is_valid_last_3_matches_form_away,win_rate_last_5_matches_home,is_valid_win_rate_last_5_matches_home,win_rate_last_5_matches_away,is_valid_win_rate_last_5_matches_away,win_last_home_match_home_team,is_valid_win_last_home_match_home_team,win_last_away_match_away_team,is_valid_win_last_away_match_away_team,goals_conceded_last_match_home,is_valid_goals_conceded_last_match_home,goals_conceded_last_match_away,is_valid_goals_conceded_last_match_away,goals_scored_last_match_home,is_valid_goals_scored_last_match_home,goals_scored_last_match_away,is_valid_goals_scored_last_match_away,std_shots_last_3_matches_home,is_valid_std_shots_last_3_matches_home,std_shots_last_3_matches_away,is_valid_std_shots_last_3_matches_away,winning_team
9,25,0.5555555555555556,0.28,18.496674992834137,15.981322445435534,2,3,7,21,0.7777777777777778,0.84,6,24,3,1,0,0,479,521,0.7515657620041754,0.7562380038387716,6,20,53.22222222222222,20.84,11,13,0.45454545454545453,0.07692307692307693,3,6,2,11,0,1,31,18,13,11,20,19,0.65,0.5789473684210527,6,7,0,0,20,10,0,0,1,1,22,17,0,1,0,0,221,249,49,58,35,78,2,7,17,41,0.5294117647058824,0.6341463414634146,0,0,0,0,12,7,8,9,0.4223083894086433,0.5776916105913567,1,4,1,6,0,2,2,5,2,5,138,83,5,3,3,10,2,8,0.3333333333333333,0.2,3,3,3,3,0,3,0,1,0,0,0,0,0.0,0,0.0,0,0,0,0,0,0,0,0,0,0,0,0,0,0.0,0,0.0,0,draw
21,9,0.38095238095238093,0.3333333333333333,16.50922102622511,14.697519828416738,7,0,18,3,0.8571428571428571,0.3333333333333333,19,8,2,1,0,0,629,340,0.8139904610492846,0.6676470588235294,14,5,29.952380952380953,37.77777777777778,13,3,0.15384615384615385,0.3333333333333333,9,3,5,5,0,0,11,28,6,15,10,25,0.6,0.6,5,15,0,0,4,20,0,0,0,0,15,20,0,1,0,0,127,209,36,22,36,36,2,0,20,19,0.6,0.6842105263157895,0,0,0,0,17,5,2,1,0.667681346152859,0.332318653847141,1,0,2,1,2,4,1,0,1,0,78,70,1,1,14,3,12,2,0.35714285714285715,1.0,2,2,2,2,2,2,2,0,0,0,0,0,0.0,0,0.0,0,0,0,0,0,0,0,0,0,0,0,0,0,0.0,0,0.0,0,home_team
18,6,0.2222222222222222,0.16666666666666666,20.517795177045006,20.518284528683193,1,0,10,5,0.5555555555555556,0.8333333333333334,14,5,2,1,2,0,580,388,0.8068965517241379,0.6984536082474226,15,4,32.22222222222222,64.66666666666667,11,6,0.36363636363636365,0.16666666666666666,5,2,5,3,0,0,18,26,11,16,15,26,0.7333333333333333,0.6153846153846154,12,12,0,0,6,9,0,0,0,0,14,27,1,0,0,0,131,229,44,35,53,29,2,1,28,11,0.5357142857142857,0.36363636363636365,0,0,0,0,13,8,5,5,0.6637300807010671,0.3362699192989328,1,2,2,0,2,1,2,0,2,0,65,50,0,0,10,4,8,3,0.3,0.0,2,3,2,3,1,1,1,0,0,0,0,0,0.0,0,0.0,0,0,0,0,0,0,0,0,0,0,0,0,0,0.0,0,0.0,0,home_team
29,6,0.2413793103448276,0.6666666666666666,13.485930370174598,16.122434969805308,3,1,20,3,0.6896551724137931,0.5,25,5,4,1,0,0,606,293,0.7937293729372937,0.5119453924914675,22,5,20.896551724137932,48.833333333333336,17,1,0.35294117647058826,0.0,4,2,8,10,0,1,15,23,8,5,14,10,0.5714285714285714,0.5,10,12,0,0,0,13,0,1,1,0,27,19,0,1,0,0,91,191,29,39,27,26,4,1,23,8,0.782608695652174,0.5,0,0,0,0,5,11,4,3,0.702166429856836,0.297833570143164,1,0,6,4,2,7,1,1,1,1,51,34,1,0,9,4,6,2,0.2222222222222222,0.5,3,3,3,3,0,0,0,0,0,0,0,0,0.0,0,0.0,0,0,0,0,0,0,0,0,0,0,0,0,0,0.0,0,0.0,0,home_team
5,8,0.4,0.375,11.418350714234176,38.88321153179685,2,0,5,5,1.0,0.625,4,8,1,0,0,0,417,295,0.6139088729016786,0.4847457627118644,4,4,83.4,36.875,12,8,0.16666666666666666,0.25,6,3,2,5,0,0,15,14,6,3,11,10,0.5454545454545454,0.3,7,6,0,0,9,13,0,0,0,0,27,22,0,0,0,0,24,131,7,32,4,47,4,3,7,6,0.5714285714285714,0.5,0,0,0,0,7,8,1,1,0.5620033645819457,0.43799663541805434,0,2,0,3,2,1,0,0,0,0,34,8,0,0,4,5,4,3,0.25,0.2,3,3,3,3,0,0,0,0,0,0,0,0,0.0,0,0.0,0,0,0,0,0,0,0,0,0,0,0,0,0,0.0,0,0.0,0,away_team
15,16,0.4,0.1875,22.919838741947757,17.751150883028146,0,2,10,13,0.6666666666666666,0.8125,14,11,1,5,0,0,431,516,0.6983758700696056,0.7383720930232558,13,11,28.733333333333334,32.25,9,10,0.3333333333333333,0.2,5,8,4,8,0,0,24,22,13,10,19,19,0.6842105263157895,0.5263157894736842,10,10,1,1,5,16,0,0,0,0,15,21,1,2,0,0,195,210,27,51,71,71,0,1,16,10,0.6875,0.7,0,1,0,0,15,16,6,6,0.4438491836608331,0.556150816339167,1,2,2,1,2,5,1,2,1,2,59,40,2,0,7,12,5,10,0.42857142857142855,0.08333333333333333,3,3,3,2,3,7,1,0,0,0,0,0,0.0,0,0.0,0,0,0,0,0,2,1,2,1,2,1,2,1,0.0,0,0.0,0,draw
2,25,0.5,0.28,27.892651361962706,17.4135259779387,0,1,0,15,0.0,0.6,2,18,0,7,0,0,259,732,0.4517374517374517,0.8087431693989071,1,22,129.5,29.28,2,23,0.0,0.391304347826087,0,11,3,2,0,0,20,15,10,8,13,15,0.7692307692307693,0.5333333333333333,7,4,0,0,31,0,0,0,1,0,6,15,0,0,0,0,169,47,20,15,8,26,1,4,14,16,0.7142857142857143,0.9375,0,0,0,0,11,12,1,2,0.23230516634378584,0.767694833656214,0,2,2,0,1,0,0,1,0,1,28,30,0,1,1,14,0,9,0.0,0.14285714285714285,1,2,1,2,0,3,0,0,0,0,0,0,0.0,0,0.0,0,0,0,0,1,0,1,0,1,1,1,0,1,0.0,0,0.0,0,draw
12,27,0.25,0.2962962962962963,25.76720516744993,14.97892139422133,1,2,3,15,0.25,0.5555555555555556,10,22,2,5,0,0,394,638,0.6192893401015228,0.7978056426332288,11,18,32.833333333333336,23.62962962962963,2,13,0.0,0.46153846153846156,4,8,4,7,0,0,23,18,15,10,29,15,0.5172413793103449,0.6666666666666666,13,6,1,0,17,8,0,0,0,0,9,26,0,0,0,0,150,162,16,41,40,56,3,3,10,32,0.8,0.6875,0,0,0,0,13,20,4,4,0.36878787996253737,0.6312121200374626,0,0,1,5,3,2,1,2,1,2,59,33,1,0,4,16,0,9,0.25,0.25,3,3,3,3,2,0,1,0,0,0,0,0,0.0,0,0.0,0,0,0,0,1,1,1,0,1,0,1,0,1,0.0,0,0.0,0,away_team
9,13,0.2222222222222222,0.46153846153846156,17.489514417583695,20.917447949909686,0,0,6,9,0.6666666666666666,0.6923076923076923,7,12,2,1,0,0,317,372,0.48264984227129337,0.5564516129032258,8,8,35.22222222222222,28.615384615384617,7,6,0.0,0.0,3,8,3,2,0,0,18,14,13,10,21,17,0.6190476190476191,0.5882352941176471,15,12,0,0,16,8,0,0,0,0,16,21,2,1,0,0,90,55,28,18,14,13,2,8,14,6,0.7142857142857143,0.8333333333333334,0,0,0,0,14,21,4,3,0.40848009763988646,0.5915199023601135,0,0,0,1,3,1,0,0,0,0,31,26,0,1,5,10,5,6,0.2,0.4,3,1,3,1,3,1,1,0,0,0,0,0,0.0,0,0.0,0,0,0,0,0,0,0,0,1,0,0,4,1,0.0,0,0.0,0,draw
5,24,0.4,0.4583333333333333,15.135248835719338,12.916812842127722,2,4,3,15,0.6,0.625,5,23,0,1,0,0,274,715,0.5547445255474452,0.8307692307692308,3,17,54.8,29.791666666666668,3,18,0.3333333333333333,0.16666666666666666,0,9,1,3,0,0,30,9,12,11,17,13,0.7058823529411765,0.8461538461538461,11,7,0,2,24,6,0,0,0,0,14,17,0,1,0,0,133,80,15,28,19,36,2,1,12,26,0.4166666666666667,0.6538461538461539,0,0,0,0,7,11,3,3,0.2530822159696475,0.7469177840303526,0,1,0,1,1,1,0,2,0,2,26,57,1,6,2,15,2,10,0.5,0.4666666666666667,3,3,3,3,0,1,0,0,0,0,0,0,0.0,0,0.0,0,0,0,0,0,4,1,0,1,0,1,5,1,0.0,0,0.0,0,away_team
8,8,0.375,0.25,25.467220288233012,21.78168738704163,0,0,4,3,0.5,0.375,6,8,2,0,0,0,516,389,0.6918604651162791,0.6246786632390745,5,4,64.5,48.625,8,8,0.25,0.125,5,2,7,13,0,0,16,19,15,14,26,20,0.5769230769230769,0.7,10,14,0,0,3,8,0,0,0,0,14,14,0,1,0,0,266,156,79,38,68,39,4,4,14,34,0.6428571428571429,0.5294117647058824,0,0,0,0,16,12,4,4,0.6139666920111907,0.3860333079888093,1,2,1,8,5,5,2,3,1,0,123,101,4,1,6,5,3,3,0.3333333333333333,0.2,2,2,2,2,0,1,0,0,0,0,0,0,0.0,0,0.0,0,0,1,0,1,1,1,5,1,0,1,0,1,0.0,0,0.0,0,away_team
16,18,0.25,0.5,17.626013903860198,20.06913987162644,2,2,7,11,0.4375,0.6111111111111112,13,16,3,2,0,0,459,324,0.6470588235294118,0.5246913580246914,12,15,28.6875,18.0,6,6,0.5,0.3333333333333333,6,4,1,16,0,0,14,16,7,9,11,18,0.6363636363636364,0.5,20,17,0,0,5,14,0,0,0,0,17,13,2,1,0,0,87,108,44,13,24,20,1,0,19,17,0.631578947368421,0.7647058823529411,0,0,0,0,14,8,5,5,0.6233878876311592,0.3766121123688408,0,1,1,10,0,6,3,0,0,0,66,19,2,0,12,11,5,8,0.16666666666666666,0.36363636363636365,1,2,1,2,1,1,0,0,0,0,0,0,0.0,0,0.0,0,1,1,0,0,0,1,0,1,0,1,1,1,0.0,0,0.0,0,away_team
36,6,0.3055555555555556,0.6666666666666666,18.390841597352896,19.819251872035288,5,1,24,3,0.6666666666666666,0.5,25,6,11,0,0,0,696,234,0.8031609195402298,0.5128205128205128,26,0,19.333333333333332,39.0,36,1,0.2777777777777778,0.0,20,0,6,11,0,0,13,19,10,11,11,17,0.9090909090909091,0.6470588235294118,7,5,1,0,2,62,0,1,2,1,14,8,1,0,0,0,68,152,26,29,39,10,3,0,22,6,0.5,0.5,0,1,0,0,8,11,2,2,0.774522418816962,0.2254775811830381,1,1,3,6,2,4,7,0,5,0,80,35,1,0,24,5,18,2,0.20833333333333334,0.6,3,3,3,2,0,2,0,2,0,0,0,0,0.0,0,0.0,0,0,1,1,1,0,1,0,1,4,1,0,1,0.0,0,0.0,0,draw
8,20,0.375,0.3,24.759522065722113,14.667694108158024,1,3,2,13,0.25,0.65,8,14,0,6,0,0,399,589,0.5639097744360902,0.7045840407470289,5,13,49.875,29.45,2,19,0.5,0.21052631578947367,2,7,13,7,1,0,25,17,12,6,22,7,0.5454545454545454,0.8571428571428571,10,12,0,0,28,6,0,0,0,0,8,17,0,0,0,0,101,44,23,12,12,25,2,3,20,17,0.75,0.7647058823529411,1,0,0,0,3,20,2,4,0.38704246126914427,0.6129575387308558,1,2,3,3,10,3,0,0,0,0,27,24,0,0,4,14,0,9,0.75,0.21428571428571427,2,3,1,3,0,3,0,1,0,0,0,0,0.0,0,0.0,0,0,1,0,1,4,1,0,1,0,1,0,1,0.0,0,0.0,0,draw
25,8,0.48,0.5,16.702965617515044,16.399484976086626,8,3,17,5,0.68,0.625,21,6,4,2,0,0,544,406,0.7720588235294118,0.6600985221674877,14,2,21.76,50.75,13,5,0.15384615384615385,0.4,7,1,7,9,1,0,19,19,12,10,16,16,0.75,0.625,11,9,0,0,5,16,0,0,0,0,18,14,0,0,0,0,57,100,16,11,23,20,3,0,24,12,0.8333333333333334,0.75,0,0,0,0,13,14,2,3,0.6348968068300772,0.3651031931699228,2,0,4,4,3,5,0,1,0,0,39,29,2,0,19,4,14,1,0.5263157894736842,0.25,2,1,2,1,2,0,0,0,0,0,0,0,0.0,0,0.0,0,1,1,0,0,0,1,0,1,7,1,0,1,0.0,0,0.0,0,home_team
9,17,0.6666666666666666,0.47058823529411764,21.330505531766544,19.15378030802315,1,2,5,8,0.5555555555555556,0.47058823529411764,8,15,1,2,0,0,428,598,0.6822429906542056,0.7759197324414716,7,14,47.55555555555556,35.1764705882353,4,11,0.0,0.09090909090909091,1,4,11,9,1,0,26,13,11,15,17,25,0.6470588235294118,0.6,6,12,0,1,29,19,0,0,1,1,14,20,0,1,0,0,186,139,49,39,41,90,2,7,26,24,0.6153846153846154,0.5416666666666666,0,0,0,0,15,7,4,2,0.45086775056227546,0.5491322494377244,0,2,7,6,5,2,0,2,0,2,57,93,0,2,6,11,3,6,0.8333333333333334,0.36363636363636365,3,1,3,1,2,0,0,0,6,1,5,1,0.0,0,0.0,0,1,1,1,1,0,1,2,1,1,1,2,1,0.0,1,8.178562764256865,1,away_team
24,14,0.4166666666666667,0.5,13.80713147742972,24.374548921554624,2,1,16,6,0.6666666666666666,0.42857142857142855,23,10,1,4,0,0,643,331,0.8195956454121306,0.6465256797583081,17,12,26.791666666666668,23.642857142857142,18,2,0.2222222222222222,0.0,9,6,5,2,0,0,16,27,5,16,11,22,0.45454545454545453,0.7272727272727273,6,7,0,0,4,17,0,0,0,1,10,15,1,0,0,0,123,157,31,23,69,10,1,3,15,6,0.4,0.8333333333333334,0,0,0,0,14,10,4,4,0.6552517382882801,0.34474826171172007,1,0,3,0,1,2,3,3,3,1,94,36,1,0,12,7,9,5,0.25,0.42857142857142855,3,0,3,0,3,0,0,0,3,1,0,1,0.0,0,0.0,0,0,1,0,0,0,1,1,1,0,1,0,1,4.08248290463863,1,1.5,1,home_team
4,17,0.5,0.29411764705882354,22.880110628337654,23.777162473717702,0,0,1,7,0.25,0.4117647058823529,4,15,0,2,0,0,316,629,0.5443037974683544,0.7726550079491256,3,8,79.0,37.0,6,9,0.16666666666666666,0.1111111111111111,0,7,5,2,0,0,18,19,11,10,22,21,0.5,0.47619047619047616,10,11,0,1,24,5,0,0,0,0,27,29,1,1,1,0,198,61,40,21,34,16,1,1,26,12,0.5769230769230769,0.8333333333333334,0,0,0,0,13,21,6,6,0.283447682230798,0.716552317769202,0,0,2,0,3,2,0,1,0,1,21,75,1,1,3,13,1,6,0.6666666666666666,0.23076923076923078,3,2,3,2,3,2,1,1,3,1,4,1,0.0,0,0.0,0,0,0,0,1,0,1,1,1,1,1,0,1,0.5,1,6.944222218666553,1,away_team
19,10,0.42105263157894735,0.2,13.962036084388153,21.76832437912346,4,4,17,6,0.8947368421052632,0.6,12,7,7,3,0,0,598,239,0.7474916387959866,0.47280334728033474,16,5,31.473684210526315,23.9,26,6,0.2692307692307692,0.5,12,0,1,2,0,0,10,19,11,12,14,26,0.7857142857142857,0.46153846153846156,13,12,0,0,7,35,0,0,1,2,18,21,2,1,0,0,68,164,33,28,31,49,0,2,20,8,0.55,0.75,1,0,0,0,18,13,7,7,0.6974666251645697,0.3025333748354302,0,1,0,0,1,1,2,2,2,1,60,24,3,0,13,9,12,5,0.46153846153846156,0.2222222222222222,3,1,2,1,1,0,0,0,1,1,0,1,0.0,0,0.0,0,0,1,0,1,4,1,7,1,3,1,0,1,0.5,1,0.5,1,home_team
11,16,0.2727272727272727,0.1875,37.663790151040644,8.508962885319521,0,5,7,12,0.6363636363636364,0.75,8,13,3,3,0,0,317,501,0.61198738170347,0.7245508982035929,7,8,28.818181818181817,31.3125,6,13,0.16666666666666666,0.15384615384615385,3,6,2,4,0,0,25,27,6,9,9,14,0.6666666666666666,0.6428571428571429,8,9,0,0,44,48,0,0,0,0,28,24,0,2,0,0,281,182,61,46,80,36,0,3,17,16,0.7647058823529411,0.6875,0,0,0,0,12,6,4,4,0.3776929040515574,0.6223070959484426,0,0,1,2,1,2,3,4,3,4,49,167,0,6,8,13,5,11,0.25,0.15384615384615385,2,3,2,3,0,0,0,0,5,1,1,1,0.0,0,0.0,0,0,1,0,1,2,1,0,1,2,1,0,1,2.494438257849294,1,2.494438257849294,1,home_team
14,12,0.7142857142857143,0.25,17.711100604794858,16.571271131057724,4,3,8,8,0.5714285714285714,0.6666666666666666,11,10,3,2,0,0,673,529,0.8098068350668648,0.7655954631379962,11,10,48.07142857142857,44.083333333333336,11,5,0.2727272727272727,0.4,4,4,6,4,0,0,20,17,12,13,22,21,0.5454545454545454,0.6190476190476191,6,12,0,0,6,16,0,0,0,1,22,18,0,0,0,0,116,123,23,32,44,38,2,1,26,14,0.8846153846153846,0.6428571428571429,0,1,0,0,18,18,3,3,0.5342400742460155,0.4657599257539846,1,0,4,2,1,2,1,2,0,2,45,44,1,3,9,7,5,6,0.5555555555555556,0.14285714285714285,2,3,2,2,0,0,0,0,7,1,4,1,0.0,0,0.0,0,0,1,0,1,2,1,1,1,3,1,2,1,7.760297817881877,1,4.96655480858378,1,home_team
13,12,0.38461538461538464,0.6666666666666666,24.07874434959767,15.860374140695257,0,3,8,9,0.6153846153846154,0.75,10,12,3,0,0,0,540,399,0.7425925925925926,0.6766917293233082,10,8,41.53846153846154,33.25,16,1,0.1875,0.0,3,5,5,11,0,0,15,22,14,11,17,20,0.8235294117647058,0.55,9,8,0,0,12,21,0,0,0,0,20,19,1,0,0,0,69,113,21,18,26,32,1,2,15,12,0.6,0.5,0,1,0,0,14,11,2,1,0.5301251239856265,0.4698748760143736,2,0,3,7,1,4,0,0,0,0,33,32,0,4,9,3,6,2,0.3333333333333333,0.6666666666666666,3,2,3,1,0,2,0,0,5,1,9,1,0.0,0,0.0,0,1,1,1,1,0,1,3,1,2,1,4,1,2.160246899469287,1,1.699673171197595,1,away_team
12,11,0.4166666666666667,0.7272727272727273,21.40078182229216,19.541197393735473,2,4,7,4,0.5833333333333334,0.36363636363636365,11,9,1,2,0,0,527,530,0.7628083491461101,0.7716981132075472,11,7,43.916666666666664,48.18181818181818,9,11,0.4444444444444444,0.09090909090909091,3,5,7,11,0,0,13,17,14,16,20,18,0.7,0.8888888888888888,14,8,1,0,24,10,0,0,0,0,10,20,1,0,0,0,189,132,40,29,45,46,0,1,12,18,0.4166666666666667,0.7222222222222222,0,0,0,0,12,15,3,2,0.4515645176592471,0.5484354823407528,0,0,3,7,4,4,0,0,0,0,61,82,2,1,8,6,5,3,0.375,0.8333333333333334,2,3,2,3,0,4,0,0,1,1,0,1,0.0,0,0.0,0,0,1,0,1,1,1,2,1,0,1,0,1,3.265986323710904,1,3.7416573867739413,1,draw
32,6,0.40625,0.6666666666666666,19.173471256049908,25.80842178363833,4,0,23,2,0.71875,0.3333333333333333,28,6,4,0,0,0,532,297,0.7706766917293233,0.5252525252525253,24,3,16.625,49.5,24,3,0.2916666666666667,0.3333333333333333,11,2,1,3,0,0,23,22,9,15,18,29,0.5,0.5172413793103449,3,6,0,0,32,34,0,0,0,1,23,15,1,0,0,0,63,139,17,17,17,32,4,2,30,10,0.6333333333333333,0.2,0,0,0,0,20,11,6,6,0.6617265962020402,0.3382734037979598,1,1,1,2,0,0,1,0,1,0,49,31,4,1,22,2,17,0,0.2727272727272727,0.5,3,2,3,2,1,2,0,1,3,1,0,1,0.0,0,0.0,0,0,1,0,1,1,1,2,1,0,1,1,1,2.160246899469287,1,2.160246899469287,1,home_team
0,17,0.0,0.23529411764705882,120.0,19.019967028667566,0,2,0,12,0.0,0.7058823529411765,0,16,0,1,0,0,275,763,0.5381818181818182,0.8335517693315858,0,13,0.0,44.88235294117647,3,17,0.0,0.29411764705882354,0,6,3,1,0,0,22,6,6,11,11,14,0.5454545454545454,0.7857142857142857,15,9,0,0,18,4,1,0,0,0,11,23,0,1,0,0,129,37,15,14,17,14,1,2,13,14,0.6923076923076923,0.9285714285714286,0,0,0,0,11,10,3,3,0.19060576504961896,0.8093942349503811,0,0,1,1,3,0,0,1,0,1,15,51,0,1,0,10,0,7,0.0,0.2,2,2,2,2,0,0,0,0,5,1,6,1,0.0,0,0.0,0,1,1,1,1,0,1,3,1,1,1,2,1,3.6817870057290873,1,4.242640687119285,1,away_team
2,22,0.0,0.36363636363636365,120.0,13.029870708123342,0,2,1,16,0.5,0.7272727272727273,2,16,0,6,0,0,550,412,0.78,0.7354368932038835,2,19,275.0,18.727272727272727,2,7,0.0,0.2857142857142857,2,5,9,9,0,0,23,15,13,10,22,16,0.5909090909090909,0.625,10,10,1,1,11,10,1,0,1,0,12,8,2,1,1,0,134,260,43,42,20,145,0,0,19,17,0.6842105263157895,0.35294117647058826,0,0,0,0,11,12,3,3,0.5354159811814404,0.4645840188185596,1,2,4,5,4,2,1,5,0,3,134,72,0,1,2,14,1,11,0.0,0.35714285714285715,2,3,2,3,1,2,0,0,6,1,4,1,0.6,1,0.2,1,0,1,0,1,0,1,5,1,1,1,0,1,4.027681991198191,1,4.546060565661952,1,draw
13,22,0.15384615384615385,0.5,13.243777825406537,15.214287538441319,1,5,9,15,0.6923076923076923,0.6818181818181818,10,18,3,4,0,0,335,701,0.6537313432835821,0.8373751783166904,8,17,25.76923076923077,31.863636363636363,5,12,0.4,0.6666666666666666,5,3,7,5,0,0,19,17,8,8,16,16,0.5,0.5,6,9,1,0,22,13,0,0,0,0,20,19,0,0,0,0,232,127,35,29,33,49,0,4,11,28,0.6363636363636364,0.6785714285714286,0,0,0,0,12,10,2,1,0.37262628552224736,0.6273737144777526,0,0,6,4,1,1,1,2,1,2,59,91,0,2,4,8,3,6,0.0,0.375,3,1,3,1,2,0,0,0,1,1,7,1,0.0,1,0.6,1,0,1,1,1,3,1,1,1,3,1,7,1,2.449489742783178,1,9.741092797468305,1,away_team
22,4,0.36363636363636365,0.25,10.982412456659052,17.0,6,1,17,2,0.7727272727272727,0.5,19,4,3,0,0,0,499,384,0.7675350701402806,0.6744791666666666,19,3,22.681818181818183,96.0,19,4,0.5263157894736842,0.25,7,0,6,4,0,0,22,19,10,11,16,15,0.625,0.7333333333333333,8,9,0,0,18,34,0,0,0,1,11,7,0,2,0,0,133,153,24,28,38,22,1,5,25,12,0.68,0.5,0,0,0,0,10,11,3,1,0.6405470256942051,0.35945297430579487,1,0,3,2,2,2,3,0,3,0,70,55,4,0,13,2,10,1,0.38461538461538464,0.0,3,3,3,3,1,2,1,1,9,1,4,1,0.8,1,0.4,1,1,1,1,1,0,1,0,1,5,1,1,1,5.90668171555645,1,1.699673171197595,1,home_team
9,11,0.3333333333333333,0.6363636363636364,19.06764700582363,11.470492955480394,1,4,5,8,0.5555555555555556,0.7272727272727273,5,8,4,3,0,0,526,303,0.714828897338403,0.5478547854785478,8,6,58.44444444444444,27.545454545454547,11,11,0.09090909090909091,0.09090909090909091,7,2,6,11,0,0,9,12,13,15,19,23,0.6842105263157895,0.6521739130434783,11,13,1,0,10,30,0,0,0,0,21,17,2,1,0,0,164,170,38,24,34,45,1,2,18,28,0.7777777777777778,0.6428571428571429,0,0,0,0,19,9,4,3,0.6341240191118229,0.36587598088817713,1,1,4,4,1,6,3,5,1,4,77,87,1,4,7,5,4,4,0.2857142857142857,0.6,2,3,2,3,0,0,0,0,3,1,6,1,0.2,1,0.4,1,1,1,1,1,7,1,1,1,1,1,2,1,4.546060565661952,1,12.36482466066094,1,away_team
8,15,0.625,0.4,31.49000189192869,18.943484094099524,1,2,5,11,0.625,0.7333333333333333,5,13,3,2,0,0,260,432,0.4461538461538462,0.6990740740740741,7,6,32.5,28.8,3,13,0.3333333333333333,0.38461538461538464,5,2,4,4,0,0,25,14,17,10,31,15,0.5483870967741935,0.6666666666666666,13,13,0,0,25,29,0,0,2,0,8,12,0,2,0,0,139,102,22,34,43,29,5,2,15,18,0.8,0.7777777777777778,0,0,0,0,12,27,1,1,0.35363360092360235,0.6463663990763975,0,0,3,1,2,3,4,1,4,1,47,28,1,0,7,11,5,7,0.5714285714285714,0.45454545454545453,2,2,2,2,0,1,0,1,0,1,4,1,0.0,1,0.4,1,0,1,0,1,2,1,1,1,1,1,0,1,2.160246899469287,1,4.4969125210773475,1,away_team
22,7,0.36363636363636365,0.5714285714285714,19.092427506486207,23.95855618455047,1,0,10,2,0.45454545454545453,0.2857142857142857,18,6,4,1,0,0,660,299,0.803030303030303,0.5484949832775919,17,4,30.0,42.714285714285715,17,6,0.23529411764705882,0.16666666666666666,9,0,5,5,1,0,13,21,14,30,18,39,0.7777777777777778,0.7692307692307693,6,8,0,1,20,26,0,0,0,0,8,14,1,1,0,0,102,146,44,12,43,20,2,1,21,17,0.7619047619047619,0.47058823529411764,0,0,0,0,34,11,2,2,0.7461889584071144,0.2538110415928856,0,0,4,0,2,5,3,1,3,1,59,26,0,0,16,6,7,2,0.375,0.5,3,3,3,3,0,1,0,0,4,1,6,1,0.2,1,0.6,1,0,1,1,1,0,1,0,1,0,1,1,1,4.784233364802441,1,11.897712198383164,1,home_team
11,16,0.36363636363636365,0.375,26.100179482936582,12.026060014200658,1,4,3,11,0.2727272727272727,0.6875,10,11,1,5,0,0,462,394,0.6818181818181818,0.6040609137055838,8,10,42.0,24.625,10,15,0.2,0.2,3,5,1,2,0,0,18,25,13,13,17,18,0.7647058823529411,0.7222222222222222,11,15,0,0,26,17,1,0,0,0,17,8,0,1,0,0,101,164,14,43,13,40,8,0,17,29,0.4117647058823529,0.5862068965517241,0,0,0,0,11,8,3,6,0.5599171156804335,0.4400828843195666,0,0,0,2,1,1,5,1,2,1,81,44,2,3,8,12,1,8,0.375,0.25,3,1,3,1,0,0,0,0,2,1,3,1,0.0,1,0.2,1,0,1,0,1,3,1,1,1,3,1,0,1,3.265986323710904,1,4.189935029992179,1,away_team
19,7,0.47368421052631576,0.42857142857142855,15.7349469762732,11.992169571594863,5,2,10,5,0.5263157894736842,0.7142857142857143,15,6,3,1,1,0,402,272,0.6592039800995025,0.45955882352941174,12,2,21.157894736842106,38.857142857142854,9,8,0.4444444444444444,0.25,6,3,2,4,0,0,16,17,21,9,27,24,0.7777777777777778,0.375,20,21,0,0,36,41,1,0,0,0,16,11,1,1,0,0,127,99,31,17,32,28,3,1,14,14,0.6428571428571429,0.7857142857142857,0,0,0,0,21,25,6,6,0.5970664294304205,0.40293357056957946,0,0,1,3,1,1,2,2,1,2,63,66,3,5,15,5,9,3,0.3333333333333333,0.2,1,2,1,2,0,0,0,0,1,1,0,1,0.0,1,0.0,1,0,1,0,1,6,1,2,1,0,1,1,1,1.247219128924647,1,1.632993161855452,1,home_team
4,25,0.0,0.64,120.0,12.567139516589002,0,6,1,18,0.25,0.72,4,22,0,3,0,0,322,750,0.6149068322981367,0.8573333333333333,4,18,80.5,30.0,3,21,0.0,0.2857142857142857,0,8,4,12,0,1,15,21,19,14,29,18,0.6551724137931034,0.7777777777777778,5,5,0,0,34,34,0,0,1,0,11,11,0,0,0,0,193,96,18,42,18,52,1,5,8,17,0.625,0.35294117647058826,0,0,0,0,15,19,0,2,0.25218892078952587,0.7478110792104741,0,4,0,5,4,4,1,2,1,2,46,39,0,2,2,11,0,8,0.0,0.7272727272727273,2,1,2,1,0,0,0,0,6,1,9,1,0.4,1,1.0,1,0,1,1,1,1,1,0,1,2,1,6,1,6.342099196813483,1,5.557777333511022,1,away_team
23,22,0.391304347826087,0.22727272727272727,18.75104899095229,21.87435865162259,1,2,14,9,0.6086956521739131,0.4090909090909091,20,18,3,4,0,0,514,391,0.7198443579766537,0.5831202046035806,19,11,22.347826086956523,17.772727272727273,15,3,0.2,0.6666666666666666,6,5,5,7,0,0,34,19,11,15,16,23,0.6875,0.6521739130434783,10,12,0,0,25,17,0,0,0,0,12,6,0,1,0,0,137,221,34,54,31,48,3,2,22,17,0.6818181818181818,0.6470588235294118,0,0,0,0,17,12,7,7,0.5703223106992151,0.4296776893007848,0,1,3,4,2,3,6,4,5,3,71,67,6,1,9,13,5,7,0.4444444444444444,0.23076923076923078,0,1,0,1,0,0,0,0,9,1,3,1,0.8,1,0.4,1,1,1,0,1,0,1,6,1,6,1,0,1,3.299831645537222,1,5.90668171555645,1,draw
15,5,0.4666666666666667,0.4,16.287735290065005,22.016648189186455,3,0,11,2,0.7333333333333333,0.4,12,4,3,1,0,0,456,509,0.8048245614035088,0.8074656188605108,11,4,30.4,101.8,17,1,0.35294117647058826,0.0,6,2,14,7,0,0,16,8,16,13,24,16,0.6666666666666666,0.8125,11,13,0,0,7,15,0,1,0,0,17,11,0,2,0,0,239,144,37,20,102,16,5,2,26,24,0.7692307692307693,0.6666666666666666,2,0,0,0,11,17,2,3,0.49020994308940247,0.5097900569105975,6,1,6,1,2,5,2,1,1,0,75,126,6,1,9,2,6,2,0.2222222222222222,0.5,2,2,0,2,1,3,0,0,9,1,4,1,1.0,1,0.6,1,1,1,1,1,0,1,0,1,4,1,0,1,5.557777333511022,1,6.128258770283412,1,home_team
5,17,0.4,0.29411764705882354,27.226132572869382,12.141512142574609,0,3,0,12,0.0,0.7058823529411765,5,15,0,2,0,0,326,732,0.6411042944785276,0.8292349726775956,2,8,65.2,43.05882352941177,0,14,0.0,0.14285714285714285,0,6,14,4,0,1,26,16,25,19,30,21,0.8333333333333334,0.9047619047619048,12,13,1,1,41,11,1,0,1,0,14,22,1,1,0,0,124,198,14,62,18,79,0,1,18,17,0.5,0.4117647058823529,0,0,0,0,16,22,7,7,0.309882598249987,0.6901174017500129,0,1,6,4,8,0,0,1,0,0,98,57,1,0,2,12,0,7,0.5,0.25,3,2,3,2,1,0,0,0,6,1,7,1,0.6,1,0.6,1,1,1,1,1,1,1,1,1,0,1,1,1,10.96458946893235,1,4.0276819911981905,1,away_team
14,7,0.5714285714285714,0.14285714285714285,20.49106254701353,30.265491900843113,2,0,6,3,0.42857142857142855,0.42857142857142855,14,5,0,2,0,0,560,347,0.7589285714285714,0.6167146974063401,14,4,40.0,49.57142857142857,14,12,0.14285714285714285,0.25,6,2,7,10,0,0,24,19,13,10,21,16,0.6190476190476191,0.625,6,14,0,0,20,23,0,0,0,0,12,21,0,2,0,0,121,168,29,33,51,27,4,2,25,24,0.64,0.5833333333333334,0,0,0,0,8,13,4,3,0.5765013960503982,0.42349860394960176,0,0,4,3,3,7,0,2,0,2,68,41,1,0,5,6,2,3,0.2,0.0,3,2,3,2,3,1,1,0,4,1,3,1,0.2,1,0.4,1,0,1,1,1,1,1,4,1,1,1,0,1,7.586537784494029,1,6.342099196813483,1,home_team
6,15,0.0,0.3333333333333333,120.0,13.61885844483941,1,3,3,9,0.5,0.6,6,14,0,1,0,0,383,515,0.7023498694516971,0.7417475728155339,3,9,63.833333333333336,34.333333333333336,9,17,0.1111111111111111,0.11764705882352941,3,9,4,7,0,0,22,11,8,8,16,13,0.5,0.6153846153846154,11,6,0,0,33,18,0,0,0,0,19,13,2,1,0,0,127,127,20,25,16,30,2,3,16,17,0.5,0.7058823529411765,0,0,0,0,8,13,4,3,0.41292231792486034,0.5870776820751398,0,3,1,1,3,3,0,1,0,1,59,26,1,0,4,8,2,5,0.0,0.375,2,3,2,3,1,1,1,0,3,1,4,1,0.4,1,0.4,1,0,1,0,1,1,1,0,1,2,1,1,1,2.8674417556808756,1,4.242640687119285,1,away_team
7,35,0.5714285714285714,0.37142857142857144,31.602267437764894,21.931725416299773,0,3,1,17,0.14285714285714285,0.4857142857142857,6,31,1,4,0,0,247,495,0.5101214574898786,0.7757575757575758,4,26,35.285714285714285,14.142857142857142,1,29,0.0,0.20689655172413793,0,10,4,5,0,0,15,13,14,10,23,15,0.6086956521739131,0.6666666666666666,8,11,1,2,50,15,0,0,0,1,12,13,0,0,0,0,88,63,11,21,19,21,1,2,9,23,0.6666666666666666,0.7391304347826086,0,1,0,0,13,17,5,3,0.29729467531974907,0.7027053246802509,0,1,2,4,2,0,1,3,1,3,22,29,0,3,4,20,1,9,0.75,0.35,3,3,3,2,1,3,0,0,0,1,1,1,0.0,1,0.0,1,0,1,0,1,2,1,2,1,1,1,1,1,0.816496580927726,1,2.160246899469287,1,home_team
8,22,0.375,0.5909090909090909,18.576234467660612,13.007866614375338,2,9,6,21,0.75,0.9545454545454546,7,20,1,2,0,0,276,641,0.5289855072463768,0.8065522620904836,3,15,34.5,29.136363636363637,3,21,0.6666666666666666,0.5714285714285714,1,10,11,7,0,0,22,19,15,12,21,15,0.7142857142857143,0.8,12,6,0,0,37,20,0,0,0,1,12,15,1,0,0,0,221,98,24,35,32,40,1,3,18,49,0.7222222222222222,0.7551020408163265,0,0,0,0,12,12,5,4,0.28371721793406407,0.7162827820659359,0,2,3,5,8,0,0,3,0,3,48,104,3,8,5,9,3,9,0.4,0.6666666666666666,2,3,2,3,1,2,0,2,1,1,9,1,0.0,1,1.0,1,0,1,1,1,1,1,1,1,0,1,3,1,11.08552609887726,1,4.189935029992178,1,away_team
43,1,0.37209302325581395,1.0,18.811977824854228,21.095023109728988,4,0,21,0,0.4883720930232558,0.0,39,1,4,0,0,0,655,269,0.8442748091603054,0.6133828996282528,34,0,15.232558139534884,269.0,32,1,0.34375,0.0,10,0,3,5,0,0,15,24,18,12,24,26,0.75,0.5,3,7,0,0,14,53,0,0,0,0,9,11,1,0,0,1,42,77,12,6,23,6,0,2,22,16,0.5909090909090909,0.4375,0,0,0,0,17,16,4,3,0.7423831540493276,0.25761684595067225,1,0,2,2,0,3,0,0,0,0,16,6,1,0,30,0,18,0,0.3333333333333333,0.0,3,3,3,3,0,1,0,1,7,1,3,1,0.6,1,0.2,1,1,1,0,1,0,1,0,1,2,1,1,1,3.299831645537222,1,0.4714045207910317,1,home_team
3,17,0.6666666666666666,0.4117647058823529,8.905124837953327,23.491807945587393,0,1,2,8,0.6666666666666666,0.47058823529411764,2,17,1,0,0,0,326,562,0.6042944785276073,0.7526690391459074,2,14,108.66666666666667,33.05882352941177,7,13,0.14285714285714285,0.15384615384615385,1,7,12,2,0,1,24,15,16,20,23,26,0.6956521739130435,0.7692307692307693,14,11,0,0,30,14,0,0,1,0,11,15,1,1,0,0,198,107,33,38,18,38,3,3,28,18,0.5714285714285714,0.7777777777777778,0,1,0,0,19,19,3,4,0.37861041794495326,0.6213895820550467,0,0,6,2,6,1,1,2,1,1,61,81,0,2,3,10,2,5,0.6666666666666666,0.4,2,3,2,2,0,1,0,0,4,1,4,1,0.2,1,0.4,1,1,1,0,1,1,1,0,1,2,1,3,1,3.39934634239519,1,7.363574011458175,1,away_team
13,12,0.46153846153846156,0.3333333333333333,14.551356406813179,20.39631592342908,4,2,8,10,0.6153846153846154,0.8333333333333334,10,11,3,1,0,0,554,353,0.7689530685920578,0.6855524079320113,9,10,42.61538461538461,29.416666666666668,8,9,0.375,0.4444444444444444,2,3,6,10,0,1,17,18,21,12,25,19,0.84,0.631578947368421,5,10,1,0,16,25,0,0,0,1,10,14,0,1,0,0,136,253,31,46,48,96,5,2,29,22,0.7586206896551724,0.5454545454545454,0,1,0,0,13,16,6,7,0.5878416330391852,0.4121583669608148,1,2,2,6,3,4,2,2,2,2,129,73,3,0,6,5,3,5,0.5,0.4,2,3,2,2,0,2,0,1,4,1,3,1,0.4,1,0.4,1,0,1,1,1,3,1,2,1,1,1,0,1,6.48074069840786,1,4.189935029992179,1,home_team
9,12,0.4444444444444444,0.4166666666666667,14.900060234365785,16.622968816231385,1,1,5,9,0.5555555555555556,0.75,8,9,1,3,0,0,303,431,0.5346534653465347,0.6566125290023201,6,9,33.666666666666664,35.916666666666664,5,12,0.2,0.25,4,4,11,6,0,0,30,14,25,20,32,38,0.78125,0.5263157894736842,17,14,0,0,33,30,0,0,1,1,15,12,1,2,0,0,249,175,54,49,58,65,0,4,25,28,0.36,0.4642857142857143,0,0,0,0,23,21,4,3,0.463896269186535,0.536103730813465,4,1,4,3,4,3,1,4,0,4,93,115,1,2,5,8,3,7,0.6,0.375,2,3,2,3,1,2,0,1,3,1,3,1,0.4,1,0.4,1,0,1,0,1,3,1,3,1,0,1,0,1,4.642796092394707,1,2.494438257849294,1,home_team
30,4,0.4666666666666667,0.5,14.382781713527176,21.57402195706188,2,2,25,3,0.8333333333333334,0.75,26,2,4,2,0,0,635,298,0.8472440944881889,0.6778523489932886,19,2,21.166666666666668,74.5,20,5,0.35,0.2,11,2,1,13,0,0,11,17,11,21,20,31,0.55,0.6774193548387096,9,13,0,0,6,36,0,0,0,0,15,15,0,0,0,0,59,86,18,8,27,4,0,1,27,16,0.37037037037037035,0.6875,0,0,0,0,17,17,1,1,0.6902927619125941,0.3097072380874061,1,0,0,3,0,10,1,1,1,1,21,13,0,1,24,2,20,1,0.4166666666666667,0.5,3,2,3,2,1,1,1,0,9,1,3,1,1.0,1,0.2,1,1,1,0,1,0,1,4,1,4,1,1,1,4.189935029992178,1,6.599663291074443,1,home_team
7,14,0.2857142857142857,0.5,35.12440474840669,18.8467209654905,1,2,3,4,0.42857142857142855,0.2857142857142857,6,14,1,0,0,0,347,711,0.6887608069164265,0.869198312236287,2,11,49.57142857142857,50.785714285714285,8,10,0.25,0.3,2,2,4,6,0,0,20,15,22,16,33,24,0.6666666666666666,0.6666666666666666,7,7,0,0,21,24,0,0,0,0,15,17,0,0,0,0,111,78,13,27,39,20,4,2,14,16,0.5714285714285714,0.6875,0,0,0,0,20,28,0,0,0.29933925539870204,0.700660744601298,0,1,3,4,1,1,0,0,0,0,22,35,0,1,4,8,2,4,0.5,0.5,3,2,3,2,0,1,0,0,0,1,4,1,0.4,1,0.4,1,0,1,0,1,2,1,0,1,1,1,3,1,2.943920288775949,1,4.642796092394707,1,away_team
14,11,0.35714285714285715,0.36363636363636365,26.750641193732577,19.856627010062837,1,3,11,4,0.7857142857142857,0.36363636363636365,11,10,3,1,0,0,500,380,0.692,0.5973684210526315,10,6,35.714285714285715,34.54545454545455,5,12,0.4,0.3333333333333333,9,2,9,9,0,0,21,23,15,8,21,22,0.7142857142857143,0.4090909090909091,9,13,0,0,30,27,0,0,0,0,20,12,0,2,0,0,84,111,31,20,32,27,3,1,17,20,0.5882352941176471,0.7,1,0,0,0,15,16,7,5,0.5744768144253878,0.425523185574612,2,0,2,3,5,6,1,1,1,1,47,35,2,1,8,7,7,2,0.25,0.0,2,2,1,2,0,0,0,0,7,1,0,1,0.6,1,0.0,1,1,1,0,1,1,1,4,1,4,1,0,1,3.2998316455372216,1,12.083045973594572,1,home_team
11,35,0.5454545454545454,0.4,22.36272554642837,17.963461496520104,3,6,6,24,0.5454545454545454,0.6857142857142857,10,30,1,5,0,0,299,735,0.568561872909699,0.8244897959183674,5,28,27.181818181818183,21.0,3,24,0.0,0.4166666666666667,3,12,0,4,0,0,29,17,14,11,19,20,0.7368421052631579,0.55,6,3,0,0,41,11,0,0,1,0,19,19,0,1,0,0,152,63,25,22,28,24,0,3,20,26,0.75,0.6923076923076923,0,0,0,0,15,13,3,5,0.2414118819674151,0.758588118032585,0,0,0,2,0,2,0,5,0,3,18,89,0,5,5,18,3,14,0.4,0.3888888888888889,3,3,3,3,1,0,0,0,3,1,7,1,0.2,1,0.8,1,1,1,1,1,5,1,0,1,0,1,3,1,2.8284271247461903,1,2.6246692913372702,1,away_team
14,7,0.42857142857142855,0.7142857142857143,18.189425586548015,23.850150182521162,3,0,12,3,0.8571428571428571,0.42857142857142855,11,6,3,1,0,0,475,406,0.7094736842105264,0.6059113300492611,10,5,33.92857142857143,58.0,13,5,0.5384615384615384,0.4,1,2,5,0,0,1,22,12,15,8,20,14,0.75,0.5714285714285714,10,7,0,1,32,21,0,0,0,1,28,22,0,1,0,0,107,160,33,32,33,48,5,2,10,19,0.6,0.7894736842105263,0,0,0,0,10,16,3,3,0.5206263627178435,0.4793736372821566,1,0,1,0,3,1,2,0,2,0,90,38,1,1,10,5,8,3,0.5,0.6,3,2,3,2,0,1,0,0,3,1,3,1,0.2,1,0.4,1,0,1,0,1,3,1,1,1,0,1,2,1,4.109609335312651,1,2.0548046676563256,1,home_team
13,14,0.46153846153846156,0.35714285714285715,22.651554594372925,19.252440743886904,1,3,7,8,0.5384615384615384,0.5714285714285714,13,12,0,2,0,0,466,498,0.6759656652360515,0.6947791164658634,12,10,35.84615384615385,35.57142857142857,8,8,0.25,0.25,3,2,10,12,0,0,21,22,17,15,27,23,0.6296296296296297,0.6521739130434783,6,10,0,1,17,18,0,0,1,0,18,12,0,1,0,0,249,205,54,42,61,51,2,1,11,24,0.5454545454545454,0.4166666666666667,0,0,0,0,18,17,3,3,0.49878078563894007,0.50121921436106,0,0,7,6,3,7,0,1,0,0,102,85,3,4,9,9,5,6,0.5555555555555556,0.4444444444444444,3,3,3,3,1,10,1,2,0,1,0,1,0.0,1,0.2,1,0,1,0,1,2,1,2,1,1,1,0,1,12.083045973594572,1,2.943920288775949,1,home_team
10,17,0.3,0.23529411764705882,19.6922373928851,25.570650087884786,2,1,9,11,0.9,0.6470588235294118,9,15,1,2,0,0,482,482,0.7717842323651453,0.7738589211618258,8,12,48.2,28.352941176470587,5,12,0.4,0.16666666666666666,2,7,10,6,0,0,18,16,24,8,29,17,0.8275862068965517,0.47058823529411764,11,11,1,0,39,7,0,0,0,2,15,18,0,5,0,0,263,178,42,53,45,65,1,0,25,20,0.64,0.75,0,0,0,0,10,24,3,3,0.4012621918793607,0.5987378081206394,1,1,4,2,6,3,0,4,0,1,78,66,1,3,5,9,5,5,0.2,0.4444444444444444,3,1,3,1,4,1,1,1,7,1,9,1,0.8,1,1.0,1,0,1,1,1,0,1,1,1,4,1,4,1,7.483314773547883,1,6.128258770283411,1,home_team
19,7,0.3157894736842105,0.2857142857142857,19.07284903240164,18.901438774457844,2,0,15,4,0.7894736842105263,0.5714285714285714,17,6,2,1,0,0,515,378,0.6757281553398058,0.5873015873015873,14,5,27.105263157894736,54.0,13,4,0.3076923076923077,0.25,5,4,5,3,0,0,25,28,10,15,16,24,0.625,0.625,6,10,1,0,22,43,0,0,0,1,13,17,0,0,0,0,171,306,60,58,59,61,0,2,16,10,0.6875,0.8,0,0,0,0,20,15,2,2,0.6260089169796375,0.3739910830203626,0,0,4,2,1,1,7,1,6,0,178,92,5,3,11,3,9,2,0.2727272727272727,0.3333333333333333,2,2,2,2,0,0,0,0,9,1,9,1,0.6,1,0.6,1,1,1,1,1,0,1,1,1,5,1,2,1,11.897712198383164,1,1.4142135623730951,1,home_team
14,9,0.07142857142857142,0.5555555555555556,25.238858928247925,16.453192975777533,0,1,7,7,0.5,0.7777777777777778,10,5,4,4,0,0,429,426,0.662004662004662,0.6901408450704225,8,9,30.642857142857142,47.333333333333336,12,13,0.08333333333333333,0.3076923076923077,3,5,10,6,0,0,9,23,10,8,17,13,0.5882352941176471,0.6153846153846154,11,17,0,1,23,16,0,0,0,3,15,7,2,1,0,0,191,176,38,41,44,41,3,0,6,16,0.6666666666666666,0.9375,0,0,0,0,11,16,8,8,0.5663742185735993,0.43362578142640085,0,0,7,2,3,4,7,4,4,4,108,113,1,2,10,5,5,4,0.0,0.6,1,2,1,2,2,0,0,0,3,1,3,1,0.2,1,0.4,1,0,1,0,1,4,1,0,1,1,1,2,1,7.318166133366716,1,3.39934634239519,1,away_team
21,6,0.47619047619047616,0.6666666666666666,25.021664543268965,11.617460929516199,2,1,9,4,0.42857142857142855,0.6666666666666666,20,6,1,0,0,0,676,261,0.8431952662721893,0.6206896551724138,19,3,32.19047619047619,43.5,13,4,0.07692307692307693,0.25,8,1,2,6,0,0,6,18,14,10,19,18,0.7368421052631579,0.5555555555555556,9,6,1,1,9,24,0,0,0,0,19,9,2,0,0,0,96,377,29,48,35,126,2,1,19,15,0.8421052631578947,0.5333333333333333,0,0,0,0,15,14,3,6,0.6944718187206795,0.3055281812793204,0,0,2,4,0,2,1,0,0,0,163,23,3,0,10,3,4,2,0.4,0.6666666666666666,3,3,3,3,2,4,1,1,6,1,3,1,0.6,1,0.2,1,1,1,0,1,0,1,4,1,2,1,0,1,4.027681991198191,1,4.109609335312651,1,home_team
8,14,0.375,0.35714285714285715,11.55099230415415,28.633266177970693,2,0,6,3,0.75,0.21428571428571427,8,13,0,1,0,0,511,579,0.8062622309197651,0.8480138169257341,6,9,63.875,41.357142857142854,13,8,0.23076923076923078,0.25,5,4,5,9,0,0,16,16,19,9,28,17,0.6785714285714286,0.5882352941176471,19,4,0,0,13,19,0,0,0,1,20,19,2,0,0,0,275,181,39,46,104,33,5,1,21,22,0.7142857142857143,0.6818181818181818,0,0,0,0,11,22,0,0,0.45042765362163056,0.5495723463783694,2,0,1,2,2,7,0,0,0,0,54,111,1,0,6,11,4,3,0.5,0.2727272727272727,3,2,3,2,0,0,0,0,9,1,9,1,0.8,1,0.6,1,1,1,1,1,0,1,1,1,2,1,2,1,10.530379332620875,1,3.559026084010437,1,home_team
26,7,0.23076923076923078,0.42857142857142855,31.84864264237645,14.074378784557126,0,2,8,6,0.3076923076923077,0.8571428571428571,25,4,1,3,0,0,602,405,0.7425249169435216,0.5555555555555556,16,5,23.153846153846153,57.857142857142854,11,7,0.09090909090909091,0.5714285714285714,4,2,6,8,0,0,22,26,15,12,20,15,0.75,0.8,9,9,0,2,35,38,0,0,0,0,24,13,3,0,0,0,126,108,42,31,37,10,3,2,5,17,0.8,0.8235294117647058,0,1,0,0,14,17,1,1,0.5878005271724217,0.41219947282757824,0,0,4,2,2,6,1,3,1,3,47,76,3,1,19,3,6,3,0.2631578947368421,0.3333333333333333,1,3,1,2,0,1,0,0,6,1,0,1,0.6,1,0.0,1,1,1,0,1,1,1,2,1,0,1,1,1,4.189935029992179,1,2.943920288775949,1,draw
11,15,0.2727272727272727,0.3333333333333333,22.631352458901727,21.3038140103313,0,0,7,8,0.6363636363636364,0.5333333333333333,10,13,1,2,0,0,476,329,0.6764705882352942,0.6231003039513677,7,10,43.27272727272727,21.933333333333334,24,6,0.25,0.6666666666666666,4,4,4,10,0,1,19,20,19,15,30,23,0.6333333333333333,0.6521739130434783,2,10,0,1,33,49,0,0,0,0,20,18,1,0,0,0,173,241,48,49,41,73,4,0,24,21,0.6666666666666666,0.7619047619047619,0,0,0,0,16,25,3,3,0.6123169827344973,0.38768301726550264,0,1,2,7,2,3,1,4,1,2,84,22,3,0,6,10,5,6,0.16666666666666666,0.5,3,3,3,3,1,1,1,0,3,1,3,1,0.2,1,0.4,1,1,1,0,1,1,1,2,1,2,1,0,1,2.0548046676563256,1,0.9428090415820634,1,away_team
9,22,0.3333333333333333,0.5,16.845253655514348,13.26465003375374,0,3,6,20,0.6666666666666666,0.9090909090909091,8,18,1,4,0,0,356,587,0.6601123595505618,0.7614991482112436,4,20,39.55555555555556,26.681818181818183,5,20,0.2,0.4,2,6,10,2,0,0,27,14,7,7,12,10,0.5833333333333334,0.7,14,7,1,1,27,11,0,0,0,0,14,14,0,1,0,0,264,107,29,37,30,50,0,2,12,15,0.8333333333333334,0.8,0,0,0,0,8,10,2,2,0.3469841547909439,0.653015845209056,4,1,2,1,4,0,0,8,0,6,39,170,0,10,4,15,2,13,0.25,0.4666666666666667,2,3,2,3,0,2,0,0,0,1,9,1,0.2,1,0.8,1,0,1,1,1,1,1,0,1,0,1,1,1,4.96655480858378,1,12.364824660660938,1,away_team
11,20,0.45454545454545453,0.35,26.327827531579896,10.342402052332206,0,7,5,17,0.45454545454545453,0.85,8,19,3,1,0,0,344,502,0.6337209302325582,0.7569721115537849,6,14,31.272727272727273,25.1,9,20,0.2222222222222222,0.5,0,5,10,7,0,0,17,9,11,12,19,19,0.5789473684210527,0.631578947368421,9,13,0,0,22,14,0,0,1,0,18,20,0,0,0,0,275,122,55,42,70,25,1,1,14,17,0.5,0.7058823529411765,0,2,0,0,14,16,1,1,0.36330500267904103,0.636694997320959,0,0,4,4,6,3,4,9,3,7,73,126,0,5,7,12,3,10,0.42857142857142855,0.3333333333333333,3,3,3,1,0,3,0,0,0,1,6,1,0.2,1,0.6,1,0,1,1,1,2,1,0,1,1,1,1,1,4.08248290463863,1,2.0548046676563256,1,away_team
7,17,0.42857142857142855,0.47058823529411764,20.4089012199961,12.018496092147078,0,3,4,13,0.5714285714285714,0.7647058823529411,7,14,0,3,0,0,316,578,0.6613924050632911,0.8079584775086506,3,11,45.142857142857146,34.0,5,26,0.4,0.38461538461538464,1,11,5,6,0,0,23,21,10,9,16,13,0.625,0.6923076923076923,15,9,0,0,33,25,0,0,0,0,13,17,1,1,0,0,267,130,40,29,53,42,0,0,9,13,0.5555555555555556,0.5384615384615384,0,0,0,0,11,12,2,2,0.3762927244432072,0.6237072755567928,0,2,1,3,4,1,0,3,0,3,80,80,0,4,6,12,3,9,0.5,0.5,0,2,0,2,0,0,0,0,9,1,6,1,0.6,1,0.8,1,1,1,0,1,0,1,2,1,5,1,0,1,4.4969125210773475,1,5.354126134736337,1,away_team
23,9,0.43478260869565216,0.3333333333333333,18.634168493894805,16.71456836247539,3,1,15,5,0.6521739130434783,0.5555555555555556,20,7,3,2,0,0,649,376,0.8043143297380585,0.7047872340425532,20,4,28.217391304347824,41.77777777777778,16,8,0.5,0.375,13,2,6,7,0,0,14,21,12,7,18,18,0.6666666666666666,0.3888888888888889,6,6,0,1,20,48,0,0,0,0,18,16,0,0,0,0,135,208,33,23,54,44,3,3,12,11,0.5,0.45454545454545453,0,0,0,0,14,13,2,2,0.6713926861527669,0.328607313847233,1,0,3,1,2,6,5,3,4,3,132,69,6,1,12,8,8,4,0.4166666666666667,0.25,3,3,3,3,2,1,0,0,9,1,3,1,1.0,1,0.2,1,1,1,0,1,0,1,2,1,4,1,0,1,10.677078252031311,1,0.9428090415820634,1,home_team
6,19,0.16666666666666666,0.3684210526315789,8.06225774829855,17.893113384822694,0,4,3,10,0.5,0.5263157894736842,4,16,2,3,0,0,385,481,0.6415584415584416,0.7297297297297297,6,7,64.16666666666667,25.31578947368421,6,7,0.16666666666666666,0.14285714285714285,3,6,4,4,1,0,21,22,15,18,29,23,0.5172413793103449,0.782608695652174,11,16,0,0,37,28,0,0,1,0,20,23,0,3,0,0,281,121,66,25,54,36,4,6,29,27,0.7241379310344828,0.7037037037037037,0,0,0,0,15,22,5,6,0.4136392210431172,0.5863607789568829,0,1,3,2,2,1,1,3,1,2,86,146,1,1,5,14,3,9,0.2,0.2857142857142857,3,0,3,0,2,0,1,0,1,1,0,1,0.0,1,0.2,1,0,1,0,1,2,1,4,1,2,1,0,1,3.2998316455372216,1,4.08248290463863,1,away_team
13,15,0.38461538461538464,0.2,15.597611301294407,22.09689030366978,3,1,9,6,0.6923076923076923,0.4,10,14,3,1,0,0,360,405,0.6444444444444445,0.5950617283950618,8,8,27.692307692307693,27.0,5,8,0.4,0.125,2,2,8,5,0,0,37,19,5,18,15,24,0.3333333333333333,0.75,17,15,1,0,41,25,0,0,0,0,19,20,1,3,0,0,196,116,40,26,33,47,1,5,20,11,0.6,0.45454545454545453,0,0,0,0,18,10,4,4,0.488315048456158,0.511684951543842,1,1,4,2,3,2,2,2,2,2,42,36,1,2,9,10,8,5,0.3333333333333333,0.2,2,3,2,3,0,0,0,0,6,1,4,1,0.6,1,0.6,1,1,1,0,1,1,1,2,1,0,1,2,1,3.299831645537222,1,7.84573486395988,1,home_team
5,23,0.6,0.13043478260869565,33.263076849772254,19.66370890312876,1,2,3,19,0.6,0.8260869565217391,4,16,1,7,0,0,240,752,0.5708333333333333,0.824468085106383,2,17,48.0,32.69565217391305,3,22,0.3333333333333333,0.3181818181818182,1,10,5,5,0,1,21,10,12,15,18,21,0.6666666666666666,0.7142857142857143,6,8,0,0,71,8,0,1,0,0,12,22,0,1,0,0,370,123,56,36,52,50,0,4,12,34,0.5,0.7647058823529411,0,0,0,0,17,13,2,2,0.24584848119009883,0.7541515188099011,0,1,2,5,3,1,0,3,0,3,47,73,0,2,2,15,2,12,0.0,0.06666666666666667,3,3,3,3,0,1,0,0,6,1,9,1,0.4,1,0.8,1,1,1,1,1,0,1,0,1,2,1,1,1,3.39934634239519,1,12.283683848458853,1,draw
4,14,0.75,0.35714285714285715,7.318469123987882,11.453516491536922,2,2,3,10,0.75,0.7142857142857143,3,11,1,3,0,0,451,460,0.738359201773836,0.7065217391304348,2,9,112.75,32.857142857142854,8,9,0.0,0.3333333333333333,6,3,3,13,1,0,21,22,13,9,20,14,0.65,0.6428571428571429,11,13,0,0,47,20,0,0,0,0,20,17,0,2,0,0,184,168,40,33,34,49,1,2,8,21,0.75,0.6190476190476191,0,0,0,0,12,12,5,6,0.5132948418749042,0.48670515812509607,1,2,1,7,2,6,0,5,0,5,40,117,0,4,4,6,3,3,0.75,0.16666666666666666,2,3,2,3,1,4,0,0,6,1,9,1,0.8,1,1.0,1,1,1,1,1,2,1,0,1,4,1,3,1,6.128258770283412,1,1.699673171197595,1,away_team
12,6,0.25,0.5,28.65872186326818,10.083368144823991,0,0,5,6,0.4166666666666667,1.0,10,5,2,1,0,0,566,231,0.8003533568904594,0.5367965367965368,9,5,47.166666666666664,38.5,9,6,0.3333333333333333,0.3333333333333333,1,1,4,8,0,0,17,16,13,13,16,18,0.8125,0.7222222222222222,10,15,0,0,16,23,0,0,0,1,23,18,1,2,0,0,89,296,34,51,25,90,8,2,22,8,0.5909090909090909,0.75,0,0,0,0,11,14,0,0,0.7168802109413573,0.28311978905864266,0,1,3,3,1,4,3,3,1,3,212,13,2,1,11,3,4,3,0.2727272727272727,1.0,3,2,3,2,1,0,1,0,6,1,4,1,0.8,1,0.4,1,1,1,1,1,1,1,1,1,2,1,1,1,3.559026084010437,1,4.320493798938574,1,away_team
8,10,0.375,0.3,17.981993725492547,18.20634145845382,0,0,4,5,0.5,0.5,7,10,1,0,0,0,379,392,0.6464379947229552,0.6403061224489796,6,4,47.375,39.2,3,7,0.0,0.0,4,3,6,9,0,1,24,25,14,13,19,22,0.7368421052631579,0.5909090909090909,8,11,1,0,49,31,0,0,1,0,26,24,1,1,0,0,196,235,46,60,45,65,3,1,23,21,0.4782608695652174,0.7142857142857143,0,0,0,0,11,14,2,3,0.43453577254825965,0.5654642274517404,1,5,3,2,2,3,4,4,2,1,117,99,0,1,4,6,3,4,0.25,0.5,0,2,0,2,0,1,0,0,3,1,3,1,0.2,1,0.2,1,0,1,0,1,0,1,3,1,2,1,0,1,4.08248290463863,1,1.632993161855452,1,draw
13,15,0.15384615384615385,0.4666666666666667,19.043396380615196,20.78064949467233,1,6,9,12,0.6923076923076923,0.8,9,13,4,2,0,0,431,455,0.7169373549883991,0.7384615384615385,9,9,33.15384615384615,30.333333333333332,11,4,0.2727272727272727,0.0,4,5,6,8,0,0,30,35,12,8,22,11,0.5454545454545454,0.7272727272727273,7,15,1,0,31,13,0,0,2,1,17,22,0,1,0,0,190,154,25,30,33,54,2,5,15,26,0.6666666666666666,0.46153846153846156,0,0,0,0,7,9,0,2,0.4815622405776934,0.5184377594223066,1,2,2,4,3,3,2,1,2,1,42,97,2,1,9,10,7,9,0.1111111111111111,0.2,3,1,3,1,0,0,0,0,6,1,7,1,0.6,1,0.8,1,0,1,0,1,4,1,1,1,2,1,1,1,5.715476066494082,1,6.649979114420002,1,away_team
6,19,0.3333333333333333,0.3157894736842105,13.847035210645412,19.43937037171042,1,2,4,11,0.6666666666666666,0.5789473684210527,5,17,1,2,0,0,302,475,0.6059602649006622,0.7010526315789474,5,13,50.333333333333336,25.0,3,18,0.3333333333333333,0.3333333333333333,2,6,13,5,0,1,21,15,12,13,23,19,0.5217391304347826,0.6842105263157895,18,17,2,1,49,23,0,0,0,0,17,14,2,2,0,0,202,156,30,56,40,34,2,5,22,18,0.5909090909090909,0.6111111111111112,0,0,0,0,11,17,3,3,0.3488124626991705,0.6511875373008296,0,2,5,3,8,1,0,7,0,3,27,83,1,5,5,11,3,7,0.2,0.36363636363636365,3,3,3,3,1,1,0,1,0,1,1,1,0.2,1,0.0,1,0,1,0,1,5,1,2,1,0,1,0,1,2.357022603955158,1,3.559026084010437,1,away_team
10,14,0.2,0.5,26.576320964211284,13.480132367583384,0,1,2,10,0.2,0.7142857142857143,9,9,1,5,0,0,424,368,0.7358490566037735,0.7119565217391305,5,11,42.4,26.285714285714285,7,12,0.14285714285714285,0.5833333333333334,3,3,8,8,0,0,17,11,8,15,14,22,0.5714285714285714,0.6818181818181818,14,16,1,1,23,29,1,0,1,0,12,17,2,2,0,0,191,222,37,58,52,51,2,2,23,16,0.5217391304347826,0.5,0,0,0,0,14,9,4,3,0.5329544465932522,0.46704555340674786,1,0,6,6,1,3,3,4,0,2,107,93,2,7,7,9,2,5,0.2857142857142857,0.3333333333333333,2,2,2,2,0,0,0,0,1,1,3,1,0.4,1,0.6,1,0,1,1,1,2,1,2,1,1,1,1,1,7.788880963698615,1,6.128258770283411,1,away_team
18,6,0.3888888888888889,0.3333333333333333,12.463386349064937,9.800735254367723,5,1,12,3,0.6666666666666666,0.5,14,4,4,2,0,0,667,359,0.8455772113943029,0.7186629526462396,9,6,37.05555555555556,59.833333333333336,17,2,0.29411764705882354,0.5,13,2,2,21,0,0,18,14,6,18,10,27,0.6,0.6666666666666666,8,7,0,0,5,25,0,1,0,0,13,20,0,0,0,0,162,187,32,39,64,27,0,0,36,8,0.4722222222222222,0.5,0,1,0,0,9,6,2,2,0.7093767629724518,0.2906232370275482,0,0,1,11,1,11,2,2,2,1,62,92,1,0,9,2,6,2,0.4444444444444444,0.5,3,3,3,2,0,1,0,1,7,1,4,1,0.8,1,0.2,1,1,1,1,1,1,1,0,1,3,1,0,1,6.128258770283412,1,4.96655480858378,1,home_team
12,10,0.3333333333333333,0.5,19.34264180697991,20.39325826070936,1,2,6,5,0.5,0.5,9,10,3,0,0,0,567,462,0.7548500881834215,0.7554112554112554,6,10,47.25,46.2,19,1,0.21052631578947367,1.0,3,3,9,8,0,2,16,18,13,12,20,23,0.65,0.5217391304347826,7,10,1,2,15,41,0,0,0,2,11,17,1,1,0,0,196,220,46,34,75,30,4,2,28,17,0.5357142857142857,0.6470588235294118,0,0,0,0,11,15,3,3,0.5554738286464993,0.4445261713535006,4,2,2,3,3,5,2,1,2,1,101,114,2,0,7,5,2,3,0.14285714285714285,0.4,3,3,3,3,2,1,0,0,9,1,3,1,1.0,1,0.6,1,1,1,0,1,1,1,1,1,2,1,0,1,4.0276819911981905,1,0.816496580927726,1,away_team
15,5,0.6,0.4,24.703378262300188,13.691256162421839,2,1,5,2,0.3333333333333333,0.4,15,4,0,1,0,0,440,323,0.675,0.5944272445820433,7,2,29.333333333333332,64.6,23,8,0.30434782608695654,0.375,7,1,14,4,1,0,13,25,13,20,18,29,0.7222222222222222,0.6896551724137931,7,8,1,3,24,54,0,1,0,0,33,30,0,0,0,0,123,233,31,40,34,43,3,1,22,25,0.5909090909090909,0.56,0,0,0,0,20,9,4,4,0.5739200147674867,0.42607998523251334,3,0,8,2,4,2,4,0,1,0,126,34,6,0,8,4,2,2,0.625,0.25,1,3,1,3,0,0,0,0,7,1,0,1,0.6,1,0.0,1,0,1,0,1,0,1,2,1,1,1,1,1,4.496912521077347,1,2.357022603955158,1,home_team
7,15,0.42857142857142855,0.4,22.55100928825745,23.65855200722983,1,0,2,6,0.2857142857142857,0.4,6,13,1,2,0,0,390,560,0.5871794871794872,0.7178571428571429,4,8,55.714285714285715,37.333333333333336,5,22,0.2,0.09090909090909091,0,9,9,9,0,0,25,13,15,9,25,16,0.6,0.5625,16,12,2,1,26,26,0,0,0,0,16,24,0,2,0,0,282,129,40,51,57,26,0,1,6,30,0.5,0.6333333333333333,0,0,0,0,13,14,4,4,0.4002048985413351,0.599795101458665,0,1,4,4,5,4,3,4,1,3,56,128,3,3,4,11,1,6,0.5,0.36363636363636365,3,3,3,3,0,0,0,0,4,1,3,1,0.2,1,0.6,1,0,1,1,1,1,1,3,1,2,1,1,1,5.90668171555645,1,5.312459150169743,1,home_team
4,13,0.75,0.46153846153846156,19.268683579212887,14.063073937303407,2,2,2,11,0.5,0.8461538461538461,4,10,0,3,0,0,288,754,0.625,0.8620689655172413,2,12,72.0,58.0,2,22,0.0,0.5454545454545454,0,1,11,2,0,0,18,16,15,10,24,16,0.625,0.625,7,7,0,0,31,19,0,1,0,0,15,24,1,0,0,0,294,127,32,35,50,33,3,0,9,14,0.7777777777777778,0.7142857142857143,0,0,0,0,14,20,2,2,0.2841746239455741,0.7158253760544259,1,0,5,1,6,1,1,1,0,1,61,125,1,5,2,9,0,8,0.5,0.2222222222222222,3,3,3,3,0,0,0,0,6,1,6,1,0.4,1,0.6,1,1,1,1,1,0,1,0,1,1,1,3,1,5.90668171555645,1,5.557777333511022,1,away_team
15,22,0.4666666666666667,0.4090909090909091,17.473013933049526,15.609242201943491,3,3,11,19,0.7333333333333333,0.8636363636363636,14,20,1,2,0,0,371,543,0.6954177897574124,0.7532228360957642,8,13,24.733333333333334,24.681818181818183,6,16,0.16666666666666666,0.3125,5,8,9,4,0,0,35,17,5,13,10,16,0.5,0.8125,8,9,0,0,35,13,0,0,1,2,7,18,1,2,0,0,151,178,27,43,30,73,4,0,6,14,0.5,0.6428571428571429,0,0,0,0,13,5,3,4,0.41793409454304825,0.5820659054569517,0,1,8,2,1,1,0,1,0,1,56,43,1,0,7,14,5,12,0.42857142857142855,0.2857142857142857,3,2,3,2,0,0,0,0,7,1,6,1,0.8,1,0.8,1,1,1,1,1,0,1,3,1,3,1,2,1,3.2998316455372216,1,4.784233364802441,1,draw
4,14,0.5,0.14285714285714285,22.830710497684525,16.064372624475286,1,2,1,10,0.25,0.7142857142857143,4,13,0,1,0,0,338,480,0.5946745562130178,0.6791666666666667,3,8,84.5,34.285714285714285,10,21,0.2,0.19047619047619047,5,10,5,6,0,1,29,16,10,16,22,22,0.45454545454545453,0.7272727272727273,8,6,0,0,53,27,0,0,1,0,14,26,1,1,0,0,241,118,51,30,54,41,0,3,13,19,0.5384615384615384,0.6842105263157895,0,0,0,0,17,16,3,3,0.39967345863523934,0.6003265413647607,0,1,2,3,3,3,2,2,1,1,47,54,3,2,3,13,1,9,0.3333333333333333,0.15384615384615385,2,1,2,1,1,0,0,0,7,1,4,1,0.6,1,0.2,1,1,1,0,1,1,1,3,1,2,1,0,1,4.4969125210773475,1,5.715476066494082,1,draw
18,11,0.3888888888888889,0.45454545454545453,17.7243729001111,17.832774261401067,3,2,9,5,0.5,0.45454545454545453,17,8,1,3,0,0,357,383,0.5714285714285714,0.6501305483028721,9,7,19.833333333333332,34.81818181818182,9,5,0.3333333333333333,0.2,3,8,9,3,0,0,24,18,21,20,36,26,0.5833333333333334,0.7692307692307693,9,13,0,0,26,32,0,1,0,0,12,30,0,0,0,0,178,91,47,23,51,28,6,3,12,13,0.5,0.3076923076923077,0,0,0,0,21,29,2,3,0.4897455563961188,0.5102544436038812,0,0,7,3,2,0,0,2,0,1,44,106,1,0,13,10,5,4,0.3076923076923077,0.5,3,2,3,2,1,0,0,0,1,1,6,1,0.2,1,0.6,1,0,1,1,1,0,1,2,1,0,1,3,1,0.816496580927726,1,1.247219128924647,1,away_team
11,18,0.36363636363636365,0.5555555555555556,17.01460567976393,19.937804305869513,2,4,8,13,0.7272727272727273,0.7222222222222222,10,14,1,4,0,0,270,570,0.6037037037037037,0.8105263157894737,6,15,24.545454545454547,31.666666666666668,5,10,0.4,0.4,2,6,15,1,1,0,21,12,18,10,24,13,0.75,0.7692307692307693,8,9,0,0,22,25,0,0,1,0,11,9,1,1,0,0,182,104,18,29,44,28,2,3,8,7,0.625,0.8571428571428571,1,0,0,0,11,24,3,3,0.3009414853681679,0.699058514631832,2,0,6,1,9,0,2,2,2,2,49,107,0,3,7,8,5,5,0.2857142857142857,0.375,3,3,2,3,4,2,1,0,0,1,1,1,0.0,1,0.2,1,0,1,0,1,2,1,3,1,1,1,0,1,2.6246692913372702,1,6.683312551921141,1,away_team
17,12,0.47058823529411764,0.25,12.134466467994626,11.095416985565599,2,2,15,5,0.8823529411764706,0.4166666666666667,14,10,3,2,0,0,594,367,0.7962962962962963,0.6866485013623979,12,8,34.94117647058823,30.583333333333332,11,7,0.2727272727272727,0.42857142857142855,11,5,11,7,0,0,21,32,10,8,18,24,0.5555555555555556,0.3333333333333333,8,5,0,0,15,35,0,0,0,0,24,8,0,0,0,0,119,221,23,24,37,70,2,2,39,14,0.6923076923076923,0.6428571428571429,0,1,0,0,13,13,5,4,0.6750534289768637,0.32494657102313634,2,1,4,2,5,5,4,0,4,0,121,66,4,1,12,6,11,1,0.5,0.16666666666666666,3,2,3,1,0,0,0,0,7,1,1,1,0.6,1,0.2,1,0,1,0,1,2,1,3,1,2,1,1,1,1.4142135623730951,1,4.027681991198191,1,home_team
19,3,0.5263157894736842,0.3333333333333333,12.134178182956607,16.0,3,0,16,2,0.8421052631578947,0.6666666666666666,16,3,3,0,0,0,707,375,0.842998585572843,0.6853333333333333,17,2,37.21052631578947,125.0,17,5,0.4117647058823529,0.0,2,2,6,6,0,0,8,16,12,9,16,12,0.75,0.75,8,6,0,0,24,24,0,1,0,0,11,14,0,2,0,0,162,216,35,44,57,44,4,2,12,17,0.75,0.29411764705882354,0,0,0,0,9,5,7,6,0.6336113496828062,0.36638865031719375,0,0,5,4,1,2,5,2,5,1,95,99,5,3,9,2,9,2,0.3333333333333333,0.5,3,3,3,3,1,1,1,1,4,1,7,1,0.6,1,0.6,1,0,1,1,1,2,1,0,1,2,1,0,1,4.320493798938574,1,4.784233364802441,1,home_team
9,13,0.5555555555555556,0.23076923076923078,17.937736929050097,17.291908842228583,2,2,4,6,0.4444444444444444,0.46153846153846156,8,11,1,2,0,0,418,342,0.6578947368421053,0.5614035087719298,5,8,46.44444444444444,26.307692307692307,3,8,0.3333333333333333,0.125,3,4,2,8,0,0,18,24,11,8,21,12,0.5238095238095238,0.6666666666666666,12,12,0,0,53,43,0,0,0,0,25,16,1,0,0,0,220,186,63,46,36,35,1,2,15,23,0.7333333333333333,0.6086956521739131,0,0,0,0,9,14,3,3,0.4649391327628139,0.5350608672371862,0,2,1,3,1,3,0,2,0,1,53,69,1,0,6,8,2,3,0.6666666666666666,0.0,2,2,2,2,1,0,0,0,3,1,0,1,0.2,1,0.4,1,0,1,0,1,0,1,1,1,5,1,0,1,3.2998316455372216,1,3.39934634239519,1,away_team
36,2,0.3333333333333333,0.0,19.216907798603277,120.0,2,0,23,2,0.6388888888888888,1.0,30,1,6,1,0,0,695,186,0.8431654676258993,0.5161290322580645,22,2,19.305555555555557,93.0,23,2,0.4782608695652174,0.0,11,0,1,7,0,0,6,31,9,7,13,17,0.6923076923076923,0.4117647058823529,10,11,0,0,19,66,0,1,0,0,18,13,0,1,0,0,110,261,38,22,44,18,4,0,5,13,1.0,0.7692307692307693,0,0,0,0,17,11,2,2,0.7886586192272884,0.21134138077271158,0,0,1,3,0,4,6,1,6,1,99,27,1,0,25,2,15,2,0.24,0.0,3,3,3,3,1,0,0,0,6,1,0,1,0.6,1,0.0,1,0,1,0,1,1,1,5,1,5,1,0,1,4.496912521077347,1,2.6246692913372702,1,home_team
9,11,0.4444444444444444,0.36363636363636365,12.890301803810814,18.0430363784589,1,2,8,7,0.8888888888888888,0.6363636363636364,7,9,2,2,0,0,342,689,0.5350877192982456,0.818577648766328,5,7,38.0,62.63636363636363,8,15,0.375,0.26666666666666666,6,2,12,3,1,0,14,31,12,6,14,14,0.8571428571428571,0.42857142857142855,5,6,1,0,26,22,0,0,0,0,18,24,0,0,0,0,313,124,33,47,92,21,5,2,7,19,0.42857142857142855,0.5263157894736842,0,0,0,0,10,6,4,3,0.33837003171350183,0.6616299682864982,1,1,7,1,5,1,2,1,2,1,71,121,1,1,3,6,3,4,0.3333333333333333,0.16666666666666666,3,3,3,3,1,7,0,0,2,1,6,1,0.2,1,0.6,1,0,1,1,1,0,1,1,1,0,1,3,1,3.39934634239519,1,0.816496580927726,1,home_team
1,18,0.0,0.3333333333333333,120.0,11.991718107163472,0,3,0,13,0.0,0.7222222222222222,1,16,0,2,0,0,310,878,0.5612903225806452,0.8337129840546698,0,15,310.0,48.77777777777778,1,13,0.0,0.23076923076923078,0,3,7,5,0,0,26,18,8,4,18,7,0.4444444444444444,0.5714285714285714,11,3,2,0,38,7,1,0,0,0,19,22,1,0,0,0,240,137,40,33,34,51,2,0,10,23,0.7,0.5652173913043478,0,0,0,0,4,9,3,3,0.22259039852151585,0.7774096014784843,0,2,2,1,5,2,0,5,0,4,74,87,0,3,1,10,0,7,0.0,0.2,3,3,3,3,0,0,0,0,6,1,4,1,0.4,1,0.6,1,0,1,0,1,5,1,0,1,1,1,6,1,6.48074069840786,1,4.189935029992178,1,away_team
13,7,0.3076923076923077,0.14285714285714285,9.270638845994684,15.264337522473747,6,1,10,6,0.7692307692307693,0.8571428571428571,11,6,2,1,0,0,676,290,0.8313609467455622,0.6827586206896552,13,7,52.0,41.42857142857143,19,7,0.3684210526315789,0.2857142857142857,9,1,2,5,0,1,11,21,12,12,17,17,0.7058823529411765,0.7058823529411765,8,9,0,0,25,36,0,0,0,0,16,16,0,1,0,0,109,147,32,26,35,37,3,1,19,19,0.6842105263157895,0.5263157894736842,0,0,0,0,11,9,7,6,0.7027263806996559,0.2972736193003441,1,0,0,3,1,3,0,2,0,2,56,36,0,0,9,1,8,1,0.3333333333333333,0.0,3,1,3,1,0,1,0,0,9,1,4,1,0.8,1,0.4,1,1,1,0,1,0,1,6,1,3,1,0,1,10.614455552060438,1,5.436502143433364,1,home_team
10,15,0.6,0.4666666666666667,11.732143748942997,17.12281729009442,4,7,7,10,0.7,0.6666666666666666,9,15,1,0,0,0,534,422,0.7509363295880149,0.7061611374407583,3,8,53.4,28.133333333333333,4,10,0.0,0.4,2,6,1,10,0,1,16,17,10,11,14,16,0.7142857142857143,0.6875,4,14,1,0,24,33,0,1,1,0,24,19,0,1,0,0,129,231,35,27,35,71,1,1,17,18,0.8823529411764706,0.6666666666666666,0,0,0,0,14,11,3,2,0.5450461883183233,0.45495381168167665,0,1,1,7,0,3,1,0,1,0,124,56,3,2,7,3,4,1,0.5714285714285714,0.6666666666666666,3,2,3,2,1,0,0,0,3,1,7,1,0.2,1,0.6,1,0,1,1,1,2,1,1,1,1,1,3,1,4.027681991198191,1,1.247219128924647,1,away_team
8,21,0.25,0.38095238095238093,11.54777706333573,16.505197588539623,1,4,7,13,0.875,0.6190476190476191,6,16,2,5,0,0,315,371,0.5841269841269842,0.6307277628032345,5,15,39.375,17.666666666666668,4,12,0.25,0.4166666666666667,4,5,5,1,0,0,21,23,13,10,24,19,0.5416666666666666,0.5263157894736842,10,18,0,0,35,25,0,0,0,0,13,13,1,2,0,0,153,130,37,26,30,41,3,3,15,14,0.4666666666666667,0.7142857142857143,0,1,0,0,12,20,3,4,0.485859249956407,0.5141407500435929,0,1,2,0,3,0,1,4,1,4,52,84,1,4,8,12,7,7,0.25,0.4166666666666667,2,2,2,1,1,1,0,0,0,1,4,1,0.0,1,0.4,1,0,1,0,1,3,1,1,1,0,1,2,1,3.7416573867739413,1,3.2998316455372216,1,draw
7,10,0.42857142857142855,0.2,20.03675511563009,22.044709319277146,0,1,4,5,0.5714285714285714,0.5,6,10,1,0,0,0,380,390,0.6605263157894737,0.6641025641025641,2,7,54.285714285714285,39.0,13,1,0.23076923076923078,0.0,6,4,5,8,0,1,18,10,9,12,14,25,0.6428571428571429,0.48,7,6,1,0,31,56,0,0,0,0,22,15,0,0,0,0,109,148,24,29,35,34,5,3,18,13,0.3333333333333333,0.46153846153846156,0,0,0,0,16,7,3,2,0.5602704036951002,0.4397295963048999,0,1,3,5,2,3,2,2,2,1,50,64,0,1,6,7,4,2,0.5,0.2857142857142857,3,3,3,3,2,2,0,0,3,1,1,1,0.4,1,0.0,1,0,1,0,1,1,1,3,1,2,1,1,1,0.9428090415820634,1,3.39934634239519,1,away_team
9,15,0.2222222222222222,0.6666666666666666,21.195619993793866,14.933727573227605,1,2,6,11,0.6666666666666666,0.7333333333333333,7,13,2,2,0,0,406,412,0.7389162561576355,0.7305825242718447,7,11,45.111111111111114,27.466666666666665,6,13,0.5,0.3076923076923077,4,8,5,2,0,0,21,20,24,25,36,33,0.6666666666666666,0.7575757575757576,14,13,0,0,32,18,0,0,0,0,12,11,3,1,0,0,139,170,26,46,27,73,3,0,30,24,0.4666666666666667,0.5,0,0,0,0,20,25,2,4,0.4297101772294523,0.5702898227705476,2,0,0,2,3,0,1,1,1,1,36,36,0,1,5,7,4,5,0.2,0.42857142857142855,2,3,2,3,0,0,0,0,6,1,9,1,0.6,1,0.8,1,0,1,1,1,2,1,0,1,1,1,4,1,0.4714045207910317,1,10.842303978193728,1,away_team
25,4,0.32,0.5,17.183844662929616,9.46816522015588,5,0,18,4,0.72,1.0,17,2,8,2,0,0,475,386,0.7263157894736842,0.6398963730569949,17,3,19.0,96.5,17,13,0.23529411764705882,0.23076923076923078,9,2,5,4,0,0,21,27,15,7,22,14,0.6818181818181818,0.5,7,12,0,0,38,31,0,0,0,0,12,23,1,1,0,0,84,127,24,28,26,25,4,1,21,14,0.6666666666666666,0.5,0,0,0,0,7,15,2,1,0.5762356927466117,0.42376430725338826,0,1,3,1,2,2,6,2,4,2,48,35,2,0,16,1,11,1,0.3125,1.0,3,3,3,3,1,0,0,0,7,1,3,1,0.6,1,0.2,1,1,1,1,1,0,1,1,1,4,1,0,1,1.699673171197595,1,3.39934634239519,1,draw
19,6,0.3157894736842105,0.3333333333333333,14.278030674690264,22.856830339497968,3,1,13,4,0.6842105263157895,0.6666666666666666,15,6,4,0,0,0,780,275,0.8358974358974359,0.6254545454545455,12,2,41.05263157894737,45.833333333333336,12,3,0.3333333333333333,0.0,15,4,4,11,0,0,19,19,12,15,16,20,0.75,0.75,7,7,0,0,11,52,1,0,0,1,17,12,2,0,0,0,149,186,59,13,65,17,1,0,21,12,0.7142857142857143,0.6666666666666666,0,0,0,0,16,13,0,0,0.727797220032375,0.27220277996762504,1,0,3,3,0,8,3,2,3,1,107,64,4,0,15,4,11,2,0.26666666666666666,0.25,2,2,2,2,0,0,0,0,7,1,3,1,0.8,1,0.4,1,1,1,1,1,3,1,4,1,4,1,0,1,0.9428090415820634,1,2.449489742783178,1,home_team
11,5,0.2727272727272727,0.2,13.863328997455556,31.59778473247768,1,0,6,0,0.5454545454545454,0.0,7,5,4,0,0,0,564,276,0.6826241134751773,0.5217391304347826,9,3,51.27272727272727,55.2,15,3,0.4666666666666667,0.0,9,3,1,7,0,1,18,39,13,18,19,30,0.6842105263157895,0.6,7,9,0,0,19,54,0,0,1,0,11,16,0,0,0,0,147,225,48,28,45,50,2,2,25,19,0.52,0.6842105263157895,0,0,0,0,19,14,1,1,0.6516617104492047,0.3483382895507952,0,2,0,3,1,3,3,3,3,0,133,51,6,0,10,2,6,0,0.2,0.5,3,2,3,2,1,0,0,0,3,1,1,1,0.2,1,0.0,1,0,1,0,1,0,1,1,1,1,1,1,1,3.39934634239519,1,3.7416573867739413,1,away_team
8,13,0.25,0.5384615384615384,16.119591942686792,17.183860925760367,0,2,7,11,0.875,0.8461538461538461,5,10,3,3,0,0,321,539,0.6074766355140186,0.7328385899814471,6,9,40.125,41.46153846153846,12,11,0.16666666666666666,0.09090909090909091,1,7,12,3,0,1,22,21,19,27,31,32,0.6129032258064516,0.84375,10,7,0,1,30,16,1,0,0,0,15,17,0,1,0,0,201,139,40,47,45,42,0,1,22,27,0.3181818181818182,0.6296296296296297,0,0,0,0,19,25,1,1,0.31688078325093355,0.6831192167490664,1,0,4,1,8,3,4,2,4,2,53,85,1,4,3,10,3,8,0.3333333333333333,0.4,1,2,1,2,0,0,0,0,1,1,3,1,0.4,1,0.2,1,0,1,1,1,4,1,4,1,0,1,3,1,1.699673171197595,1,4.027681991198191,1,away_team
11,3,0.2727272727272727,0.6666666666666666,11.677846104883129,17.1765661469505,1,0,9,3,0.8181818181818182,1.0,8,2,3,1,0,0,551,387,0.8148820326678766,0.7312661498708011,8,3,50.09090909090909,129.0,18,9,0.2777777777777778,0.1111111111111111,6,7,7,5,0,0,21,20,6,7,11,18,0.5454545454545454,0.3888888888888889,4,7,0,0,24,14,0,0,0,0,8,18,1,2,0,0,127,188,26,25,42,53,2,1,20,10,0.75,0.9,0,0,0,0,15,10,3,2,0.6155502603658122,0.3844497396341876,0,0,5,2,3,3,3,3,3,3,56,82,2,0,9,2,7,2,0.2222222222222222,1.0,3,3,3,3,5,1,0,0,9,1,3,1,1.0,1,0.2,1,1,1,1,1,0,1,1,1,1,1,0,1,10.402991022884823,1,0.816496580927726,1,home_team
19,12,0.15789473684210525,0.16666666666666666,23.92984733053322,23.820137506536778,1,1,9,4,0.47368421052631576,0.3333333333333333,18,10,1,2,0,0,434,375,0.7741935483870968,0.7146666666666667,12,7,22.842105263157894,31.25,10,7,0.2,0.42857142857142855,6,1,3,7,0,0,18,26,4,12,17,23,0.23529411764705882,0.5217391304347826,9,13,0,1,29,30,0,0,1,1,20,22,0,0,0,0,105,126,23,21,28,25,1,2,13,18,0.6923076923076923,0.7222222222222222,0,0,0,0,19,12,1,1,0.5421362669187079,0.4578637330812921,0,0,1,4,2,3,3,1,2,1,59,19,2,1,11,5,6,3,0.18181818181818182,0.2,2,2,2,2,2,1,0,0,3,1,5,1,0.4,1,0.2,1,0,1,0,1,0,1,1,1,1,1,1,1,1.699673171197595,1,4.921607686744467,1,home_team
14,12,0.7142857142857143,0.3333333333333333,19.294942391494633,27.457633093334202,4,0,9,5,0.6428571428571429,0.4166666666666667,12,11,2,1,0,0,396,393,0.6338383838383839,0.6183206106870229,9,4,28.285714285714285,32.75,14,7,0.21428571428571427,0.42857142857142855,6,5,6,1,1,0,16,21,20,16,25,28,0.8,0.5714285714285714,9,8,1,0,42,39,0,0,0,2,20,19,0,0,0,0,190,135,58,34,57,28,2,2,27,15,0.5185185185185185,0.5333333333333333,0,0,0,0,20,20,5,5,0.5354426180042513,0.4645573819957487,1,0,4,1,2,0,1,3,1,2,65,93,1,3,6,10,4,4,0.5,0.3,3,3,3,3,0,1,0,0,0,1,0,1,0.4,1,0.2,1,0,1,0,1,2,1,1,1,1,1,0,1,2.0548046676563256,1,2.160246899469287,1,home_team
2,19,0.5,0.2631578947368421,9.960923651951164,14.771435973813984,0,3,2,13,1.0,0.6842105263157895,2,18,0,0,0,1,322,571,0.6925465838509317,0.7950963222416813,1,9,161.0,30.05263157894737,5,14,0.6,0.21428571428571427,1,5,7,1,0,0,24,17,7,10,13,14,0.5384615384615384,0.7142857142857143,11,10,0,0,26,18,0,0,2,0,18,11,1,1,1,0,178,158,24,35,32,76,1,4,10,12,0.6,0.8333333333333334,0,0,0,0,10,11,2,2,0.3495266565338495,0.6504733434661504,0,0,3,1,4,0,0,0,0,0,69,75,1,3,0,10,0,8,0.0,0.4,3,3,3,3,3,0,0,0,4,1,3,1,0.2,1,0.4,1,0,1,0,1,1,1,1,1,1,1,0,1,3.7416573867739413,1,0.9428090415820634,1,away_team
4,25,0.25,0.4,28.60996329952207,18.039898660142306,0,3,1,16,0.25,0.64,4,18,0,7,0,0,268,711,0.6417910447761194,0.8537271448663853,1,19,67.0,28.44,5,17,0.0,0.4117647058823529,1,15,13,4,0,0,25,12,14,8,26,10,0.5384615384615384,0.8,7,10,1,0,35,10,0,0,1,0,17,13,1,1,0,0,189,97,18,35,23,37,2,0,10,24,0.6,0.5416666666666666,0,0,0,0,6,15,1,1,0.23800865868893933,0.7619913413110607,0,0,3,4,10,0,0,5,0,5,56,90,0,1,2,17,0,11,0.0,0.29411764705882354,3,3,3,3,3,2,0,0,4,1,9,1,0.2,1,1.0,1,1,1,1,1,1,1,1,1,0,1,2,1,5.0990195135927845,1,1.632993161855452,1,away_team
18,4,0.4444444444444444,0.25,19.32730826425047,38.70723446592381,1,0,7,3,0.3888888888888889,0.75,17,4,1,0,0,0,621,299,0.8115942028985508,0.5919732441471572,15,2,34.5,74.75,7,6,0.42857142857142855,0.3333333333333333,4,0,8,8,0,0,16,23,12,19,23,41,0.5217391304347826,0.4634146341463415,9,13,0,0,22,41,0,0,0,0,30,12,0,1,0,0,207,310,80,44,54,65,2,4,30,24,0.36666666666666664,0.7083333333333334,0,0,0,0,24,16,3,1,0.6999959680600233,0.3000040319399767,1,0,2,6,5,2,7,3,3,2,147,100,3,5,14,1,4,0,0.35714285714285715,1.0,3,3,3,3,3,0,1,0,3,1,3,1,0.6,1,0.4,1,0,1,0,1,1,1,2,1,2,1,5,1,4.320493798938574,1,5.354126134736337,1,home_team
14,9,0.6428571428571429,0.3333333333333333,17.74742509579105,17.098909846282403,3,1,8,4,0.5714285714285714,0.4444444444444444,13,8,1,1,0,0,380,539,0.5868421052631579,0.6975881261595547,8,5,27.142857142857142,59.888888888888886,7,14,0.2857142857142857,0.21428571428571427,4,3,10,8,0,1,35,18,20,10,27,18,0.7407407407407407,0.5555555555555556,17,9,0,0,36,38,0,0,1,1,18,27,2,1,0,0,363,111,72,36,75,34,1,3,14,27,0.5,0.5185185185185185,1,0,0,0,12,15,5,5,0.4127750399363927,0.5872249600636074,0,4,6,4,4,1,2,3,0,2,55,217,0,8,8,9,5,4,0.625,0.3333333333333333,2,3,1,3,0,1,0,0,3,1,6,1,0.2,1,0.6,1,0,1,1,1,2,1,0,1,1,1,1,1,3.559026084010437,1,3.7416573867739413,1,home_team
28,10,0.5714285714285714,0.4,14.502112486201275,21.15541210405518,6,0,19,4,0.6785714285714286,0.4,23,9,5,1,0,0,676,271,0.8387573964497042,0.6162361623616236,19,7,24.142857142857142,27.1,22,2,0.36363636363636365,0.5,12,2,2,14,0,0,20,16,8,10,10,15,0.8,0.6666666666666666,8,9,2,1,11,28,0,1,0,1,13,17,0,0,0,0,111,153,35,21,44,22,2,1,17,7,0.8235294117647058,0.42857142857142855,0,0,0,0,12,7,1,0,0.6999338016287796,0.3000661983712204,0,0,2,6,0,8,7,1,7,0,91,56,8,1,16,4,11,1,0.5625,0.25,3,3,3,3,1,1,0,0,9,1,4,1,0.8,1,0.2,1,1,1,1,1,1,1,0,1,2,1,1,1,1.632993161855452,1,2.449489742783178,1,home_team
9,17,0.4444444444444444,0.29411764705882354,20.84714467853961,11.48374526696207,0,2,3,14,0.3333333333333333,0.8235294117647058,8,15,1,2,0,0,380,481,0.65,0.7297297297297297,8,13,42.22222222222222,28.294117647058822,11,24,0.18181818181818182,0.375,1,4,9,4,0,1,17,18,18,20,29,30,0.6206896551724138,0.6666666666666666,11,8,2,0,34,21,0,0,0,1,25,26,0,0,0,0,228,146,44,48,42,27,3,1,24,23,0.375,0.7391304347826086,0,0,0,0,18,23,5,5,0.3924331561892964,0.6075668438107036,2,1,4,2,3,2,1,5,1,5,55,110,2,5,6,13,3,11,0.5,0.3076923076923077,2,1,2,1,3,0,0,0,0,1,1,1,0.0,1,0.2,1,0,1,0,1,5,1,2,1,2,1,1,1,2.160246899469287,1,2.0548046676563256,1,away_team
13,19,0.23076923076923078,0.3684210526315789,8.877637951381496,17.190297316724035,3,5,6,17,0.46153846153846156,0.8947368421052632,10,13,3,6,0,0,417,476,0.6834532374100719,0.7436974789915967,8,15,32.07692307692308,25.05263157894737,11,19,0.18181818181818182,0.2631578947368421,1,6,6,4,0,0,18,26,11,18,23,24,0.4782608695652174,0.75,10,8,0,3,46,43,0,0,1,0,16,16,0,0,0,0,173,88,33,28,41,35,7,0,10,23,0.5,0.6956521739130435,0,0,0,0,19,16,5,6,0.41215865151726716,0.5878413484827328,2,1,2,1,3,2,2,6,1,6,40,64,3,3,7,11,5,10,0.2857142857142857,0.36363636363636365,1,3,1,3,1,0,0,0,6,1,7,1,0.4,1,0.4,1,1,1,1,1,3,1,1,1,2,1,1,1,4.109609335312651,1,3.0912061651652345,1,away_team
4,20,0.25,0.6,19.762590923257,17.606701699289815,0,3,3,13,0.75,0.65,4,16,0,4,0,0,299,637,0.6153846153846154,0.8021978021978022,4,17,74.75,31.85,0,24,0.0,0.25,0,7,13,4,0,0,20,16,22,20,36,29,0.6111111111111112,0.6896551724137931,8,6,1,0,33,5,0,0,1,0,9,12,1,0,0,0,168,129,29,35,31,49,3,3,26,25,0.5,0.32,0,0,0,0,16,19,5,7,0.28007627777203126,0.7199237222279686,0,0,5,3,8,1,2,7,2,6,45,70,0,3,3,11,2,6,0.3333333333333333,0.5454545454545454,3,3,3,3,1,0,0,0,4,1,6,1,0.2,1,0.6,1,0,1,1,1,2,1,0,1,1,1,2,1,2.0548046676563256,1,4.496912521077347,1,away_team
5,14,0.4,0.42857142857142855,26.10450704192958,17.707419959948975,0,3,2,8,0.4,0.5714285714285714,4,13,1,1,0,0,538,343,0.758364312267658,0.6151603498542274,2,8,107.6,24.5,8,12,0.25,0.08333333333333333,3,5,6,9,0,2,15,17,13,27,20,36,0.65,0.75,9,15,1,0,17,20,0,0,0,0,17,19,1,1,0,0,120,157,39,36,27,46,2,8,12,16,0.5,0.875,0,0,0,0,31,18,2,3,0.5280392958767909,0.4719607041232091,1,5,4,5,1,1,1,2,1,1,83,72,1,4,2,5,2,3,0.0,0.4,3,3,3,3,0,1,0,1,4,1,1,1,0.4,1,0.2,1,0,1,0,1,1,1,4,1,2,1,0,1,6.64997911442,1,6.944222218666553,1,away_team
12,14,0.5,0.2857142857142857,17.92625664881217,15.565615085355098,1,0,6,7,0.5,0.5,11,10,1,4,0,0,526,500,0.7984790874524715,0.842,9,11,43.833333333333336,35.714285714285715,15,11,0.13333333333333333,0.2727272727272727,10,8,8,6,0,0,18,31,6,5,16,14,0.4375,0.35714285714285715,8,9,0,0,24,33,0,0,0,0,22,25,1,2,0,0,173,126,38,23,65,49,0,1,16,13,0.6875,0.6153846153846154,0,0,0,0,9,12,2,2,0.48941259711378,0.51058740288622,2,0,4,4,2,2,1,3,1,2,59,68,1,1,8,6,3,3,0.375,0.16666666666666666,3,3,3,3,1,1,0,1,9,1,9,1,1.0,1,0.8,1,1,1,1,1,0,1,1,1,4,1,2,1,5.887840577551898,1,5.436502143433363,1,home_team
