total_shots_home,total_shots_away,shots_on_target_ratio_home,shots_on_target_ratio_away,average_shots_on_target_distance_home,average_shots_on_target_distance_away,shots_high_xG_home,shots_high_xG_away,shots_inside_area_home,shots_inside_area_away,shots_inside_area_ratio_home,shots_inside_area_ratio_away,shots_foot_home,shots_foot_away,shots_head_home,shots_head_away,shots_other_home,shots_other_away,winning_team
5,13,0.4,0.15384615384615385,20.462903761666816,15.923442331078995,0,2,3,5,0.6,0.38461538461538464,4,13,1,0,0,0,home_team
16,10,0.3125,0.3,25.23997306761335,18.652678883553516,0,2,3,6,0.1875,0.6,16,9,0,1,0,0,draw
6,10,0.3333333333333333,0.4,33.43144710230699,11.773407437623108,0,2,3,7,0.5,0.7,5,10,1,0,0,0,away_team
13,10,0.46153846153846156,0.4,24.394269001488123,9.439840065076636,2,2,7,8,0.5384615384615384,0.8,11,8,2,2,0,0,away_team
26,10,0.15384615384615385,0.2,20.432656535856914,19.849825182294264,0,2,10,8,0.38461538461538464,0.8,25,8,1,2,0,0,draw
6,27,0.0,0.2962962962962963,,21.35261869059402,0,1,4,12,0.6666666666666666,0.4444444444444444,4,22,2,5,0,0,draw
12,7,0.25,0.0,25.68571522115414,,0,1,5,4,0.4166666666666667,0.5714285714285714,11,4,1,3,0,0,home_team
11,14,0.18181818181818182,0.42857142857142855,24.736200141815676,17.236906971887905,0,1,3,7,0.2727272727272727,0.5,10,13,1,1,0,0,away_team
22,8,0.2727272727272727,0.375,22.58179662610294,15.134092663700857,2,2,10,7,0.45454545454545453,0.875,18,6,4,2,0,0,draw
8,10,0.375,0.4,33.76285794125035,12.528143726758035,1,3,1,7,0.125,0.7,8,8,0,1,0,1,draw
9,9,0.7777777777777778,0.1111111111111111,13.798140147343123,22.016811758290526,2,0,9,3,1.0,0.3333333333333333,5,9,4,0,0,0,home_team
14,7,0.07142857142857142,0.2857142857142857,14.649232061783984,22.573055893022982,2,0,9,2,0.6428571428571429,0.2857142857142857,9,7,5,0,0,0,draw
25,17,0.28,0.4117647058823529,19.010113267179978,24.288879132216305,2,2,16,6,0.64,0.35294117647058826,19,17,6,0,0,0,away_team
13,12,0.38461538461538464,0.25,16.79402556961174,25.33130826203629,3,1,7,8,0.5384615384615384,0.6666666666666666,10,10,3,2,0,0,draw
15,5,0.3333333333333333,0.6,14.763970398330386,14.009248190178711,2,1,7,5,0.4666666666666667,1.0,13,3,2,2,0,0,home_team
23,4,0.5652173913043478,0.25,17.99072627424345,10.523307464861036,2,1,17,2,0.7391304347826086,0.5,20,4,3,0,0,0,home_team
13,3,0.6153846153846154,0.0,17.07592072158949,,3,0,11,0,0.8461538461538461,0.0,11,3,2,0,0,0,home_team
21,7,0.47619047619047616,0.14285714285714285,18.616846682610912,11.799999999999997,5,1,11,3,0.5238095238095238,0.42857142857142855,17,7,4,0,0,0,home_team
15,9,0.26666666666666666,0.4444444444444444,19.696204020455685,17.475825528850354,0,1,5,5,0.3333333333333333,0.5555555555555556,14,9,1,0,0,0,away_team
16,3,0.125,0.6666666666666666,19.536825951354828,21.68748959241136,0,0,6,2,0.375,0.6666666666666666,15,1,1,2,0,0,draw
14,9,0.21428571428571427,0.4444444444444444,15.863668774388076,16.087215627517942,1,1,7,6,0.5,0.6666666666666666,11,8,3,1,0,0,away_team
14,13,0.42857142857142855,0.23076923076923078,12.497901016348244,21.657806120562725,1,0,10,6,0.7142857142857143,0.46153846153846156,10,11,4,2,0,0,home_team
15,15,0.2,0.4666666666666667,16.61132864680948,10.635168213881219,2,6,11,12,0.7333333333333333,0.8,12,15,3,0,0,0,away_team
26,9,0.4230769230769231,0.5555555555555556,15.789314255332267,21.98609641822174,5,2,15,5,0.5769230769230769,0.5555555555555556,25,9,1,0,0,0,draw
15,17,0.5333333333333333,0.17647058823529413,15.512484188005018,15.794779919763386,1,2,12,8,0.8,0.47058823529411764,11,15,4,2,0,0,away_team
8,14,0.25,0.5714285714285714,21.486134092289657,19.95978048208493,1,2,4,7,0.5,0.5,7,13,1,1,0,0,away_team
10,7,0.4,0.0,16.77653322427616,,2,1,8,5,0.8,0.7142857142857143,9,6,1,1,0,0,draw
14,8,0.21428571428571427,0.375,21.67513547190961,14.197332132034807,1,1,5,5,0.35714285714285715,0.625,12,4,2,4,0,0,draw
11,14,0.2727272727272727,0.2857142857142857,19.662321165482926,17.342695798165327,1,3,7,10,0.6363636363636364,0.7142857142857143,11,12,0,2,0,0,away_team
9,15,0.2222222222222222,0.2,13.673488047687105,13.751931848163139,0,0,6,10,0.6666666666666666,0.6666666666666666,5,12,4,3,0,0,home_team
13,15,0.46153846153846156,0.3333333333333333,13.961671149374952,25.947829676551294,1,0,11,9,0.8461538461538461,0.6,9,14,4,1,0,0,away_team
20,5,0.4,0.8,21.503406851363188,13.203956954966912,0,2,11,3,0.55,0.6,17,3,3,2,0,0,away_team
20,12,0.5,0.25,20.422847571812582,11.043189272025769,5,2,14,6,0.7,0.5,15,11,5,1,0,0,home_team
14,10,0.5,0.2,19.403633244311184,13.86974194792858,1,2,9,6,0.6428571428571429,0.6,12,5,2,5,0,0,home_team
24,3,0.20833333333333334,0.3333333333333333,24.704644764132283,24.91766441703556,1,0,14,1,0.5833333333333334,0.3333333333333333,18,2,5,1,1,0,draw
8,17,0.25,0.4117647058823529,18.07608222082459,16.77225031444777,1,2,5,9,0.625,0.5294117647058824,6,16,2,1,0,0,away_team
9,14,0.3333333333333333,0.42857142857142855,22.579785535607304,19.126027917434563,0,3,4,9,0.4444444444444444,0.6428571428571429,8,11,1,3,0,0,away_team
10,13,0.4,0.23076923076923078,21.513794479694663,25.411423319511485,1,0,7,3,0.7,0.23076923076923078,9,13,1,0,0,0,home_team
20,11,0.35,0.36363636363636365,13.183901489989767,24.245070730574493,5,0,14,5,0.7,0.45454545454545453,18,10,2,1,0,0,home_team
10,18,0.4,0.3333333333333333,16.18659985658339,16.340771710219013,3,2,6,9,0.6,0.5,7,15,3,3,0,0,away_team
12,10,0.16666666666666666,0.4,15.770169034452955,13.536282379186174,0,1,7,8,0.5833333333333334,0.8,8,8,4,2,0,0,draw
18,6,0.3333333333333333,0.3333333333333333,16.080931225901498,21.333626562976143,4,1,12,3,0.6666666666666666,0.5,15,5,3,1,0,0,home_team
11,6,0.2727272727272727,0.3333333333333333,11.831093020337581,27.858622776134233,1,1,4,3,0.36363636363636365,0.5,10,6,1,0,0,0,home_team
19,10,0.2631578947368421,0.4,14.193922917630758,13.957680951632607,2,1,13,5,0.6842105263157895,0.5,16,8,3,2,0,0,home_team
19,18,0.2631578947368421,0.3888888888888889,17.688195912458582,15.657676921755089,5,3,11,15,0.5789473684210527,0.8333333333333334,19,15,0,3,0,0,home_team
13,22,0.38461538461538464,0.2727272727272727,16.513188659023207,13.070551631617592,1,3,10,14,0.7692307692307693,0.6363636363636364,8,18,5,4,0,0,away_team
12,16,0.3333333333333333,0.1875,16.498199929258572,12.26499853320616,1,2,5,14,0.4166666666666667,0.875,10,10,2,6,0,0,home_team
11,8,0.09090909090909091,0.625,23.527430798963152,12.032179886093452,0,3,2,7,0.18181818181818182,0.875,10,7,1,1,0,0,away_team
15,9,0.26666666666666666,0.3333333333333333,31.288800869833995,19.192338119260548,0,1,8,7,0.5333333333333333,0.7777777777777778,12,8,3,1,0,0,away_team
9,9,0.3333333333333333,0.3333333333333333,21.12550961029741,26.117952350522092,2,0,6,3,0.6666666666666666,0.3333333333333333,8,9,1,0,0,0,away_team
19,13,0.42105263157894735,0.38461538461538464,16.764581391734023,19.82557232466435,3,2,13,6,0.6842105263157895,0.46153846153846156,13,11,6,2,0,0,away_team
14,7,0.35714285714285715,0.42857142857142855,18.6400686257801,26.013489731440373,1,1,8,3,0.5714285714285714,0.42857142857142855,14,6,0,1,0,0,home_team
16,10,0.375,0.6,19.091219610899373,24.467865548976537,3,0,9,6,0.5625,0.6,14,9,1,1,1,0,home_team
15,10,0.5333333333333333,0.3,19.58302957315515,18.15439793762962,1,0,11,6,0.7333333333333333,0.6,13,6,2,4,0,0,home_team
31,12,0.25806451612903225,0.25,17.41972704861265,22.447998097629796,6,0,23,8,0.7419354838709677,0.6666666666666666,22,10,9,2,0,0,draw
5,10,0.4,0.4,15.174241612089286,18.71861109606899,1,0,3,8,0.6,0.8,4,8,1,2,0,0,home_team
15,10,0.26666666666666666,0.2,12.694378246738019,13.428822541231204,1,0,7,5,0.4666666666666667,0.5,13,7,2,3,0,0,draw
18,18,0.5,0.2777777777777778,18.19057982794299,23.155883789758718,4,1,13,5,0.7222222222222222,0.2777777777777778,16,17,2,1,0,0,home_team
12,18,0.3333333333333333,0.16666666666666666,10.672954283753278,20.373438012590807,3,1,9,7,0.75,0.3888888888888889,8,16,4,2,0,0,home_team
11,9,0.2727272727272727,0.2222222222222222,18.787173420308836,13.314220695138712,2,2,5,5,0.45454545454545453,0.5555555555555556,10,8,0,1,1,0,draw
23,9,0.34782608695652173,0.6666666666666666,23.286714448006844,17.679502545962553,1,3,11,6,0.4782608695652174,0.6666666666666666,20,9,3,0,0,0,away_team
16,10,0.5,0.4,19.321432705811322,26.039047596898573,4,0,10,5,0.625,0.5,15,9,1,1,0,0,home_team
12,28,0.4166666666666667,0.2857142857142857,12.654142380688958,16.021025049060768,2,3,10,19,0.8333333333333334,0.6785714285714286,7,24,5,4,0,0,home_team
10,14,0.3,0.21428571428571427,15.56835164474329,19.4812171082681,0,1,5,6,0.5,0.42857142857142855,7,13,3,1,0,0,draw
14,3,0.2857142857142857,0.6666666666666666,13.493551597344998,17.763339802351968,0,0,9,1,0.6428571428571429,0.3333333333333333,12,2,2,1,0,0,home_team
18,9,0.2222222222222222,0.2222222222222222,10.402454146413872,19.520305634336996,3,1,13,5,0.7222222222222222,0.5555555555555556,14,7,4,2,0,0,draw
12,12,0.75,0.16666666666666666,15.965330042843675,19.899757980991232,2,2,7,5,0.5833333333333334,0.4166666666666667,10,12,2,0,0,0,away_team
18,9,0.3888888888888889,0.3333333333333333,16.352247439895628,13.998486100698555,2,3,11,5,0.6111111111111112,0.5555555555555556,14,7,4,1,0,1,draw
18,9,0.2222222222222222,0.4444444444444444,20.867802133719564,11.709584737106084,1,2,8,5,0.4444444444444444,0.5555555555555556,14,9,4,0,0,0,away_team
11,13,0.6363636363636364,0.38461538461538464,17.423363118155955,18.474257239083844,2,1,6,9,0.5454545454545454,0.6923076923076923,11,8,0,5,0,0,home_team
12,13,0.25,0.15384615384615385,22.99360045028438,19.34806564902127,1,2,4,6,0.3333333333333333,0.46153846153846156,10,13,2,0,0,0,away_team
11,7,0.09090909090909091,0.42857142857142855,28.589683454001378,15.63893563678149,1,2,4,5,0.36363636363636365,0.7142857142857143,11,6,0,1,0,0,away_team
21,17,0.2857142857142857,0.35294117647058826,18.946474194283766,18.368970561254404,1,2,12,10,0.5714285714285714,0.5882352941176471,18,14,3,3,0,0,home_team
14,16,0.5,0.1875,11.43328981520715,22.986793442593257,5,0,11,3,0.7857142857142857,0.1875,9,14,5,2,0,0,home_team
14,15,0.2857142857142857,0.3333333333333333,17.476624120473836,13.414790858130905,0,2,7,10,0.5,0.6666666666666666,12,12,2,2,0,1,draw
15,14,0.4,0.42857142857142855,13.480122432630829,19.842646305221077,0,3,11,7,0.7333333333333333,0.5,10,13,5,1,0,0,draw
17,7,0.17647058823529413,0.2857142857142857,15.572906458176648,12.745120127175031,1,0,12,5,0.7058823529411765,0.7142857142857143,13,5,4,2,0,0,draw
14,22,0.6428571428571429,0.36363636363636365,13.47392325939477,13.510713196626703,8,4,12,13,0.8571428571428571,0.5909090909090909,14,21,0,1,0,0,home_team
7,10,0.42857142857142855,0.3,14.676436321891266,14.038876686811797,2,2,5,6,0.7142857142857143,0.6,7,6,0,4,0,0,home_team
21,12,0.3333333333333333,0.3333333333333333,14.13782686176843,14.065317325979759,1,2,14,10,0.6666666666666666,0.8333333333333334,16,11,5,1,0,0,away_team
13,13,0.23076923076923078,0.5384615384615384,14.029137972577557,9.407797620272678,1,7,8,10,0.6153846153846154,0.7692307692307693,9,11,4,2,0,0,away_team
7,5,0.2857142857142857,0.0,17.058298042140184,,0,0,6,3,0.8571428571428571,0.6,4,4,3,1,0,0,draw
17,14,0.4117647058823529,0.5,20.03017667748939,16.849560849052974,2,5,12,11,0.7058823529411765,0.7857142857142857,14,13,3,1,0,0,away_team
17,8,0.29411764705882354,0.25,17.310674319780425,19.888825506542812,1,1,6,5,0.35294117647058826,0.625,14,7,3,1,0,0,draw
14,7,0.35714285714285715,0.5714285714285714,15.038132214168906,19.818744940321803,3,1,8,2,0.5714285714285714,0.2857142857142857,12,6,2,1,0,0,home_team
16,7,0.4375,0.2857142857142857,16.385227606185985,14.738693342344215,2,1,10,4,0.625,0.5714285714285714,13,6,3,1,0,0,home_team
22,6,0.5909090909090909,0.0,16.124592698944983,,6,0,18,1,0.8181818181818182,0.16666666666666666,21,6,1,0,0,0,home_team
13,9,0.46153846153846156,0.2222222222222222,18.51815980348137,13.067708256570867,2,1,7,6,0.5384615384615384,0.6666666666666666,10,7,3,2,0,0,home_team
20,6,0.3,0.0,12.206769191511336,,3,0,15,3,0.75,0.5,14,5,6,1,0,0,home_team
9,10,0.4444444444444444,0.1,20.965828174909415,36.03026505592208,0,0,6,6,0.6666666666666666,0.6,6,7,3,3,0,0,home_team
11,6,0.09090909090909091,0.3333333333333333,17.28612160086813,12.324642849044015,2,0,7,4,0.6363636363636364,0.6666666666666666,9,4,2,2,0,0,home_team
17,8,0.6470588235294118,0.625,18.656383899931974,15.684761507057624,5,1,11,6,0.6470588235294118,0.75,14,6,3,2,0,0,home_team
9,10,0.3333333333333333,0.6,8.644779811892603,18.206713263697264,3,1,7,6,0.7777777777777778,0.6,5,7,4,3,0,0,draw
14,10,0.5,0.5,16.52348365870012,23.165689407962095,3,1,7,6,0.5,0.6,14,9,0,1,0,0,home_team
9,13,0.4444444444444444,0.38461538461538464,16.2347093565583,28.24335719375215,2,0,6,5,0.6666666666666666,0.38461538461538464,8,11,1,2,0,0,home_team
12,6,0.3333333333333333,0.5,14.704805362715454,10.132743123519111,1,1,10,5,0.8333333333333334,0.8333333333333334,11,2,1,4,0,0,home_team
7,12,0.42857142857142855,0.25,20.37574148464321,12.334424166657536,1,2,1,8,0.14285714285714285,0.6666666666666666,7,8,0,4,0,0,draw
6,15,0.16666666666666666,0.4,74.86741614347326,16.727526642287348,0,3,1,10,0.16666666666666666,0.6666666666666666,6,14,0,1,0,0,away_team
21,16,0.2857142857142857,0.5,17.02080890876856,21.199419377873255,1,1,12,9,0.5714285714285714,0.5625,17,15,4,1,0,0,away_team
11,23,0.2727272727272727,0.391304347826087,18.976358268263468,14.102525472265844,1,6,7,16,0.6363636363636364,0.6956521739130435,9,20,2,3,0,0,away_team
8,5,0.25,0.2,12.666981096934606,13.29097438113549,0,1,5,4,0.625,0.8,6,4,2,0,0,1,home_team
20,5,0.45,0.4,13.342256739551074,18.03616943904779,3,0,17,2,0.85,0.4,17,4,3,1,0,0,home_team
17,9,0.17647058823529413,0.5555555555555556,20.59571559227002,16.44594082588123,2,3,9,8,0.5294117647058824,0.8888888888888888,14,8,3,1,0,0,away_team
15,9,0.2,0.2222222222222222,9.944001830668654,21.02538558537943,2,0,9,4,0.6,0.4444444444444444,11,9,4,0,0,0,home_team
17,9,0.35294117647058826,0.5555555555555556,19.509168433847858,24.15851819339465,2,1,10,3,0.5882352941176471,0.3333333333333333,13,8,4,1,0,0,draw
15,28,0.3333333333333333,0.39285714285714285,11.64346538209133,21.20706884439754,3,1,12,11,0.8,0.39285714285714285,13,23,2,5,0,0,home_team
9,11,0.4444444444444444,0.45454545454545453,19.06827076195085,17.340939101586493,1,0,4,8,0.4444444444444444,0.7272727272727273,9,8,0,3,0,0,home_team
7,8,0.2857142857142857,0.25,8.30713468099815,6.843102985878621,2,2,3,4,0.42857142857142855,0.5,7,7,0,1,0,0,home_team
16,9,0.4375,0.4444444444444444,15.691188391759637,16.208850539519503,3,0,12,5,0.75,0.5555555555555556,13,8,3,1,0,0,home_team
12,7,0.4166666666666667,0.2857142857142857,16.24553438630075,14.192425742807922,0,2,8,5,0.6666666666666666,0.7142857142857143,11,6,1,1,0,0,away_team
14,13,0.14285714285714285,0.38461538461538464,10.400211860602974,9.030355004133849,5,3,11,8,0.7857142857142857,0.6153846153846154,13,11,1,2,0,0,away_team
12,17,0.3333333333333333,0.4117647058823529,15.211485370656149,17.110969932238195,3,4,10,12,0.8333333333333334,0.7058823529411765,9,15,3,2,0,0,draw
14,13,0.5,0.38461538461538464,14.669424847938975,15.235601110420106,1,2,9,8,0.6428571428571429,0.6153846153846154,13,7,1,6,0,0,home_team
13,18,0.5384615384615384,0.3333333333333333,15.501946320775005,19.02300156239944,2,3,6,14,0.46153846153846156,0.7777777777777778,10,18,3,0,0,0,away_team
8,12,0.125,0.5,11.500000000000002,19.12137477883084,1,2,5,7,0.625,0.5833333333333334,8,9,0,3,0,0,home_team
15,8,0.4666666666666667,0.5,17.209446933892075,14.476524855787591,0,2,12,5,0.8,0.625,13,8,2,0,0,0,draw
7,11,0.42857142857142855,0.36363636363636365,25.80449940998727,12.052020308439538,0,4,3,9,0.42857142857142855,0.8181818181818182,5,9,2,2,0,0,away_team
8,15,0.375,0.3333333333333333,16.808408973506662,19.66384847644009,1,1,8,9,1.0,0.6,6,14,2,1,0,0,home_team
9,18,0.3333333333333333,0.3333333333333333,16.712481351651103,19.816763414156355,3,2,7,11,0.7777777777777778,0.6111111111111112,8,16,1,2,0,0,draw
5,7,0.4,0.5714285714285714,11.770982682270269,19.568671628233943,1,1,3,3,0.6,0.42857142857142855,5,6,0,1,0,0,home_team
12,7,0.4166666666666667,0.0,11.60161222972054,,2,0,8,5,0.6666666666666666,0.7142857142857143,10,6,2,1,0,0,home_team
12,10,0.5833333333333334,0.2,12.053916090952143,24.6030154705728,5,1,11,5,0.9166666666666666,0.5,11,9,1,1,0,0,home_team
8,17,0.375,0.35294117647058826,26.95384555066289,16.792998585086735,0,4,3,10,0.375,0.5882352941176471,6,14,2,3,0,0,away_team
15,10,0.2,0.5,11.47613690166069,14.60905723866028,2,4,11,7,0.7333333333333333,0.7,10,9,5,1,0,0,away_team
21,4,0.2857142857142857,0.0,20.91498175401649,,2,0,13,1,0.6190476190476191,0.25,16,3,5,1,0,0,home_team
16,0,0.3125,0.0,13.12287234037117,,2,0,12,0,0.75,0.0,12,0,4,0,0,0,home_team
12,11,0.5833333333333334,0.36363636363636365,13.968374753918003,16.958100506680804,3,0,9,7,0.75,0.6363636363636364,10,8,2,3,0,0,draw
14,11,0.07142857142857142,0.45454545454545453,11.717081547894084,19.315035360610175,1,1,9,9,0.6428571428571429,0.8181818181818182,11,10,3,1,0,0,away_team
8,10,0.625,0.5,24.47128789147438,13.389413957162109,0,4,4,7,0.5,0.7,7,10,1,0,0,0,away_team
6,8,0.6666666666666666,0.25,17.4846487081271,12.165626698366436,3,2,5,4,0.8333333333333334,0.5,6,7,0,1,0,0,home_team
10,6,0.7,0.3333333333333333,16.126763559658322,15.922527092725865,2,1,8,4,0.8,0.6666666666666666,7,5,3,1,0,0,home_team
14,8,0.35714285714285715,0.5,13.451951177648075,23.26387966067339,2,0,10,5,0.7142857142857143,0.625,10,7,4,1,0,0,home_team
16,7,0.5,0.42857142857142855,17.536428132454162,17.922179992605695,1,0,8,2,0.5,0.2857142857142857,15,6,1,1,0,0,home_team
22,12,0.45454545454545453,0.5833333333333334,13.827899833395847,20.847103541465177,4,0,19,4,0.8636363636363636,0.3333333333333333,16,12,6,0,0,0,home_team
18,13,0.16666666666666666,0.3076923076923077,19.402956590478414,14.43945956122676,1,2,8,9,0.4444444444444444,0.6923076923076923,17,9,1,4,0,0,away_team
10,16,0.3,0.3125,23.036381347816285,17.628668428448528,0,2,3,10,0.3,0.625,10,16,0,0,0,0,draw
9,12,0.1111111111111111,0.5,7.021395872616778,18.449391312765705,2,1,5,8,0.5555555555555556,0.6666666666666666,8,10,1,2,0,0,draw
11,7,0.18181818181818182,0.2857142857142857,19.43827822980811,14.011929556620967,1,1,4,3,0.36363636363636365,0.42857142857142855,9,6,2,1,0,0,draw
8,9,0.5,0.2222222222222222,21.124772437716466,17.690546998163725,1,3,3,4,0.375,0.4444444444444444,8,8,0,1,0,0,draw
28,5,0.17857142857142858,0.2,18.299173171941153,16.385664466233887,3,1,17,1,0.6071428571428571,0.2,20,5,8,0,0,0,draw
13,15,0.15384615384615385,0.26666666666666666,20.465335545252024,13.062478201882397,1,1,7,7,0.5384615384615384,0.4666666666666667,11,13,2,2,0,0,away_team
19,12,0.42105263157894735,0.3333333333333333,25.115283835819433,15.806460928908546,0,2,7,7,0.3684210526315789,0.5833333333333334,18,12,1,0,0,0,draw
14,6,0.2857142857142857,0.16666666666666666,13.742229643609889,14.752626884728024,4,1,8,2,0.5714285714285714,0.3333333333333333,13,5,1,1,0,0,draw
8,10,0.5,0.5,19.399144951003983,17.693527238514243,0,2,2,3,0.25,0.3,6,8,2,2,0,0,home_team
15,6,0.2,0.3333333333333333,17.49441018469417,10.759444757398551,1,0,7,5,0.4666666666666667,0.8333333333333334,15,3,0,3,0,0,home_team
7,8,0.5714285714285714,0.375,18.24245366556114,19.504706627872824,0,2,6,4,0.8571428571428571,0.5,5,7,2,1,0,0,away_team
7,20,0.42857142857142855,0.05,23.504320540549177,19.66367208839692,1,1,2,15,0.2857142857142857,0.75,7,16,0,4,0,0,home_team
18,4,0.3888888888888889,0.25,18.529057390149497,27.47107569790451,2,0,7,0,0.3888888888888889,0.0,16,4,2,0,0,0,home_team
9,10,0.5555555555555556,0.6,18.025534993920026,16.093937676813063,0,2,7,7,0.7777777777777778,0.7,6,8,3,2,0,0,draw
16,8,0.25,0.25,19.038621015479542,33.799482927905785,1,0,10,4,0.625,0.5,15,5,1,3,0,0,home_team
30,9,0.5,0.4444444444444444,13.994342037320829,16.375461159412403,9,1,24,6,0.8,0.6666666666666666,25,7,5,2,0,0,home_team
12,9,0.5833333333333334,0.3333333333333333,15.96141095245732,26.03500432952192,1,0,6,3,0.5,0.3333333333333333,11,9,1,0,0,0,draw
6,17,0.3333333333333333,0.5294117647058824,16.71915372397911,18.11266205996625,1,3,3,12,0.5,0.7058823529411765,5,17,1,0,0,0,away_team
19,6,0.3684210526315789,0.16666666666666666,10.952045994906552,15.608331108738046,2,0,15,4,0.7894736842105263,0.6666666666666666,13,5,6,1,0,0,home_team
17,7,0.11764705882352941,0.7142857142857143,11.945443224200185,18.291210206230488,1,1,10,3,0.5882352941176471,0.42857142857142855,13,7,4,0,0,0,away_team
11,10,0.09090909090909091,0.3,15.033628969746465,10.912784801544499,0,3,4,5,0.36363636363636365,0.5,10,10,1,0,0,0,away_team
13,9,0.23076923076923078,0.4444444444444444,14.69837683914956,11.775556755462544,3,2,9,5,0.6923076923076923,0.5555555555555556,10,6,3,3,0,0,home_team
17,6,0.23529411764705882,0.5,14.9274263902447,24.55351518980446,1,1,8,2,0.47058823529411764,0.3333333333333333,16,6,1,0,0,0,home_team
13,9,0.0,0.2222222222222222,,15.1027363032975,0,1,4,8,0.3076923076923077,0.8888888888888888,12,8,1,1,0,0,draw
14,13,0.21428571428571427,0.07692307692307693,14.559651010424426,12.734991166074673,1,0,7,8,0.5,0.6153846153846154,12,9,2,4,0,0,home_team
7,10,0.14285714285714285,0.6,26.288020085202316,15.606376103837233,0,3,2,7,0.2857142857142857,0.7,5,8,2,2,0,0,away_team
9,6,0.3333333333333333,0.3333333333333333,24.4814102127628,21.268695922540275,0,1,1,5,0.1111111111111111,0.8333333333333334,9,5,0,1,0,0,home_team
23,13,0.5652173913043478,0.15384615384615385,16.454909772099704,20.409837086932313,3,0,16,6,0.6956521739130435,0.46153846153846156,18,10,5,3,0,0,home_team
10,19,0.3,0.3157894736842105,24.824032461810912,15.275251638614614,0,3,6,15,0.6,0.7894736842105263,8,13,2,6,0,0,away_team
16,12,0.625,0.08333333333333333,18.514378827528,16.548715962273324,4,1,11,6,0.6875,0.5,14,11,2,1,0,0,home_team
15,6,0.26666666666666666,0.0,19.730158763457307,,1,0,8,5,0.5333333333333333,0.8333333333333334,15,6,0,0,0,0,home_team
16,13,0.375,0.3076923076923077,11.615970675824753,22.8325191856127,6,1,12,6,0.75,0.46153846153846156,15,10,1,3,0,0,home_team
7,13,0.2857142857142857,0.38461538461538464,19.702724121127055,19.528555745018068,0,2,4,5,0.5714285714285714,0.38461538461538464,6,12,1,1,0,0,away_team
14,10,0.35714285714285715,0.3,15.574909997485374,24.2051480086156,0,0,11,3,0.7857142857142857,0.3,13,10,1,0,0,0,draw
7,12,0.5714285714285714,0.4166666666666667,12.212262183715492,22.56198939103997,2,1,6,5,0.8571428571428571,0.4166666666666667,7,11,0,1,0,0,home_team
13,15,0.38461538461538464,0.4666666666666667,17.043409147765907,17.19374969650113,1,1,5,9,0.38461538461538464,0.6,11,11,2,4,0,0,draw
4,10,0.25,0.2,10.43551627855565,18.479227771088425,0,2,3,6,0.75,0.6,3,9,1,1,0,0,draw
11,6,0.5454545454545454,0.8333333333333334,10.400810863456206,15.775477789568765,2,2,9,4,0.8181818181818182,0.6666666666666666,4,4,6,2,1,0,away_team
9,16,0.4444444444444444,0.375,19.298475679245357,13.593591155953069,1,4,4,12,0.4444444444444444,0.75,9,12,0,3,0,1,home_team
15,12,0.26666666666666666,0.4166666666666667,13.3467287946454,18.86392104997143,3,1,12,5,0.8,0.4166666666666667,10,10,5,2,0,0,draw
11,6,0.36363636363636365,0.6666666666666666,20.61235822096855,16.45350683649069,2,2,4,4,0.36363636363636365,0.6666666666666666,9,6,2,0,0,0,away_team
17,11,0.17647058823529413,0.18181818181818182,8.884054951224265,9.889331892828022,2,3,8,8,0.47058823529411764,0.7272727272727273,13,11,4,0,0,0,away_team
12,17,0.3333333333333333,0.23529411764705882,16.735425902714145,19.361158422166145,5,0,8,10,0.6666666666666666,0.5882352941176471,9,16,3,1,0,0,draw
16,9,0.125,0.1111111111111111,14.662001127056332,22.64332131115045,1,0,11,4,0.6875,0.4444444444444444,12,9,4,0,0,0,home_team
14,8,0.2857142857142857,0.125,9.599674360765054,25.1745903640953,3,2,11,3,0.7857142857142857,0.375,9,7,5,1,0,0,home_team
7,12,0.42857142857142855,0.16666666666666666,14.894426336371986,13.71401570101273,1,0,5,8,0.7142857142857143,0.6666666666666666,5,11,2,1,0,0,home_team
17,8,0.4117647058823529,0.5,10.444921394528876,27.241853761932397,7,0,13,2,0.7647058823529411,0.25,17,8,0,0,0,0,home_team
24,10,0.2916666666666667,0.3,11.774503097159128,25.63884353323544,3,1,16,6,0.6666666666666666,0.6,20,10,3,0,1,0,home_team
5,11,0.6,0.2727272727272727,17.307620000467615,14.489851216098627,1,3,2,8,0.4,0.7272727272727273,4,8,1,3,0,0,draw
20,7,0.35,0.5714285714285714,23.567110455870772,24.161676714537222,3,0,16,3,0.8,0.42857142857142855,16,6,4,1,0,0,home_team
4,12,1.0,0.3333333333333333,14.208346975868178,12.565853340859782,1,0,3,9,0.75,0.75,4,9,0,3,0,0,home_team
9,11,0.3333333333333333,0.18181818181818182,16.674115120978893,12.805727658266031,1,0,5,6,0.5555555555555556,0.5454545454545454,7,7,2,4,0,0,home_team
6,10,0.16666666666666666,0.3,25.424397731313128,15.592713845173826,0,2,2,4,0.3333333333333333,0.4,5,9,1,1,0,0,away_team
23,18,0.391304347826087,0.2222222222222222,17.064444454052406,24.124447833057243,3,1,15,5,0.6521739130434783,0.2777777777777778,19,18,4,0,0,0,home_team
10,10,0.4,0.4,13.45357659261,21.043841035922494,1,0,8,5,0.8,0.5,8,8,2,2,0,0,home_team
13,18,0.38461538461538464,0.4444444444444444,23.66144768156338,18.321809991238457,1,2,7,12,0.5384615384615384,0.6666666666666666,12,17,1,1,0,0,draw
17,9,0.5294117647058824,0.2222222222222222,12.908970836831964,17.63757751750595,3,1,13,4,0.7647058823529411,0.4444444444444444,14,9,3,0,0,0,home_team
8,14,0.375,0.2857142857142857,17.0602429960511,17.98587352684569,2,2,6,5,0.75,0.35714285714285715,7,12,1,2,0,0,home_team
11,11,0.2727272727272727,0.45454545454545453,22.518184982017246,15.62581396729642,0,3,4,10,0.36363636363636365,0.9090909090909091,11,9,0,2,0,0,away_team
19,13,0.2631578947368421,0.38461538461538464,13.615499305409969,12.2214394036164,2,1,13,9,0.6842105263157895,0.6923076923076923,15,8,4,5,0,0,home_team
13,16,0.46153846153846156,0.5,14.600896926970593,17.39968858974486,5,0,8,8,0.6153846153846154,0.5,13,14,0,2,0,0,home_team
20,9,0.4,0.3333333333333333,12.69615561202054,16.48491168598572,3,1,15,4,0.75,0.4444444444444444,19,9,1,0,0,0,home_team
12,4,0.5833333333333334,0.25,13.575846814441359,11.440279716860074,2,1,8,2,0.6666666666666666,0.5,12,3,0,1,0,0,home_team
9,15,0.2222222222222222,0.13333333333333333,20.51345837966096,18.190041337445685,1,0,4,10,0.4444444444444444,0.6666666666666666,9,13,0,2,0,0,draw
16,7,0.375,0.5714285714285714,14.920887589404273,15.241444021422438,6,2,11,5,0.6875,0.7142857142857143,11,6,5,1,0,0,draw
10,9,0.5,0.2222222222222222,13.853564573520975,13.985350783048249,1,3,8,6,0.8,0.6666666666666666,5,8,5,1,0,0,home_team
21,7,0.14285714285714285,0.2857142857142857,16.903642174723686,38.54220169500789,0,0,10,5,0.47619047619047616,0.7142857142857143,18,4,3,3,0,0,draw
14,11,0.42857142857142855,0.45454545454545453,19.052833712503645,10.02817359913703,0,4,11,8,0.7857142857142857,0.7272727272727273,10,10,4,1,0,0,away_team
8,10,0.25,0.3,14.932456662114781,15.067653909774343,1,2,2,5,0.25,0.5,8,8,0,2,0,0,draw
11,14,0.45454545454545453,0.35714285714285715,16.55826223568622,16.378193159641093,2,1,9,9,0.8181818181818182,0.6428571428571429,10,12,1,2,0,0,draw
5,20,0.4,0.4,19.26293576682501,10.509316001109234,0,4,2,16,0.4,0.8,4,17,1,3,0,0,draw
20,9,0.45,0.2222222222222222,15.580424517916526,12.06508897986672,4,3,12,5,0.6,0.5555555555555556,15,9,5,0,0,0,home_team
13,9,0.5384615384615384,0.3333333333333333,9.907956261550595,16.445279865026308,6,3,10,6,0.7692307692307693,0.6666666666666666,12,7,1,2,0,0,home_team
26,3,0.34615384615384615,0.3333333333333333,16.439846805962866,16.704789732289363,4,0,22,3,0.8461538461538461,1.0,20,1,6,2,0,0,home_team
12,13,0.5833333333333334,0.3076923076923077,16.559462229523184,13.314018022623578,2,1,9,9,0.75,0.6923076923076923,11,12,1,1,0,0,home_team
14,22,0.5714285714285714,0.13636363636363635,15.36368555057531,18.956050878544442,4,0,10,7,0.7142857142857143,0.3181818181818182,13,21,1,1,0,0,home_team
18,9,0.16666666666666666,0.3333333333333333,15.548825450992169,19.630331966526725,5,2,14,6,0.7777777777777778,0.6666666666666666,13,7,4,2,1,0,away_team
10,7,0.4,0.42857142857142855,15.276111116044607,16.522481386699894,0,1,5,4,0.5,0.5714285714285714,10,6,0,1,0,0,home_team
13,5,0.38461538461538464,0.4,15.844149012434135,12.27797236556171,2,0,8,3,0.6153846153846154,0.6,12,4,1,1,0,0,home_team
11,7,0.2727272727272727,0.5714285714285714,23.788093771177106,14.718361903271608,1,3,6,4,0.5454545454545454,0.5714285714285714,9,7,2,0,0,0,away_team
11,14,0.2727272727272727,0.21428571428571427,19.57131126685267,16.26943299661296,2,2,6,8,0.5454545454545454,0.5714285714285714,8,11,3,3,0,0,away_team
18,15,0.3888888888888889,0.3333333333333333,14.059486778362531,18.354240794444884,2,3,10,11,0.5555555555555556,0.7333333333333333,15,10,3,5,0,0,home_team
17,7,0.23529411764705882,0.42857142857142855,19.901766539623384,13.745065969294851,1,2,12,4,0.7058823529411765,0.5714285714285714,14,7,3,0,0,0,draw
13,8,0.5384615384615384,0.375,10.652656528078628,16.33754860986718,1,1,11,5,0.8461538461538461,0.625,7,7,6,1,0,0,home_team
11,8,0.36363636363636365,0.125,15.32762624633515,9.035485598461216,0,2,6,6,0.5454545454545454,0.75,8,7,3,1,0,0,home_team
14,11,0.21428571428571427,0.36363636363636365,18.96434561333437,17.25962279752195,0,2,10,4,0.7142857142857143,0.36363636363636365,12,10,2,1,0,0,away_team
6,7,0.3333333333333333,0.14285714285714285,12.510897938029084,12.41933975700802,1,1,3,5,0.5,0.7142857142857143,5,6,1,1,0,0,home_team
13,6,0.3076923076923077,0.3333333333333333,4.632631924141679,24.59041480097342,4,0,10,2,0.7692307692307693,0.3333333333333333,10,5,3,1,0,0,home_team
25,9,0.2,0.2222222222222222,19.788178022233826,15.344832774498009,2,1,11,6,0.44,0.6666666666666666,23,7,2,2,0,0,draw
19,9,0.47368421052631576,0.4444444444444444,14.791487573006233,22.456483956148126,4,0,11,6,0.5789473684210527,0.6666666666666666,13,4,6,5,0,0,home_team
5,12,0.2,0.5,22.900873345791855,15.138965155494654,0,3,4,7,0.8,0.5833333333333334,3,11,2,1,0,0,away_team
14,14,0.14285714285714285,0.2857142857142857,13.0402501227186,17.45827115109949,0,3,9,11,0.6428571428571429,0.7857142857142857,11,12,3,2,0,0,away_team
10,2,0.1,1.0,8.190848551890088,19.90176139889323,1,1,7,1,0.7,0.5,8,2,2,0,0,0,draw
9,5,0.5555555555555556,0.4,12.959744310849876,16.50277381563916,4,1,8,3,0.8888888888888888,0.6,7,5,2,0,0,0,home_team
11,5,0.18181818181818182,1.0,27.39644758723518,20.574232310364454,2,0,9,4,0.8181818181818182,0.8,8,5,3,0,0,0,draw
12,14,0.5,0.14285714285714285,18.689556610775494,8.778219512112925,5,1,11,8,0.9166666666666666,0.5714285714285714,10,9,2,5,0,0,home_team
9,11,0.5555555555555556,0.2727272727272727,14.536961206193897,23.19465230485645,1,0,9,7,1.0,0.6363636363636364,9,9,0,2,0,0,home_team
19,11,0.5263157894736842,0.36363636363636365,17.1374055485189,10.375692825396733,3,2,10,11,0.5263157894736842,1.0,18,6,1,5,0,0,home_team
17,8,0.35294117647058826,0.375,7.50358696800258,23.101720646551993,5,1,12,6,0.7058823529411765,0.75,16,5,1,3,0,0,home_team
12,7,0.4166666666666667,0.2857142857142857,20.35494418749812,22.470834396405664,0,0,6,2,0.5,0.2857142857142857,10,7,2,0,0,0,home_team
12,6,0.08333333333333333,0.5,18.539956850003723,17.25001488408661,0,1,3,4,0.25,0.6666666666666666,12,5,0,1,0,0,away_team
11,16,0.45454545454545453,0.25,13.230915551548378,17.551137387652513,3,2,7,10,0.6363636363636364,0.625,11,14,0,2,0,0,draw
18,20,0.2777777777777778,0.3,12.88886768925147,6.758939755996178,2,6,13,14,0.7222222222222222,0.7,13,16,5,4,0,0,home_team
20,10,0.5,0.4,14.188248561571902,16.969196937996223,7,1,16,9,0.8,0.9,20,8,0,2,0,0,home_team
26,4,0.34615384615384615,0.5,14.849574677341325,16.19130018329154,3,0,20,2,0.7692307692307693,0.5,19,3,7,1,0,0,draw
14,16,0.2857142857142857,0.4375,14.697748251866404,9.19884982398863,2,7,9,16,0.6428571428571429,1.0,13,9,1,7,0,0,draw
11,14,0.45454545454545453,0.5,16.09921171063704,15.105886146642929,4,1,8,12,0.7272727272727273,0.8571428571428571,10,11,1,3,0,0,draw
16,12,0.25,0.6666666666666666,18.28627288526082,10.44042602086987,2,9,7,10,0.4375,0.8333333333333334,15,11,1,1,0,0,away_team
15,11,0.26666666666666666,0.6363636363636364,18.019294235843816,17.459051075319834,2,3,7,7,0.4666666666666667,0.6363636363636364,12,10,3,1,0,0,away_team
10,9,0.2,0.4444444444444444,19.398622196530788,24.526347950406006,0,0,7,3,0.7,0.3333333333333333,8,9,2,0,0,0,away_team
16,17,0.5625,0.23529411764705882,14.48752629921438,20.124662095108405,5,1,13,10,0.8125,0.5882352941176471,12,12,4,5,0,0,home_team
18,5,0.2777777777777778,0.6,21.31099636878899,22.607489562929814,2,0,13,2,0.7222222222222222,0.4,14,5,4,0,0,0,draw
12,14,0.5,0.42857142857142855,12.994814898348432,19.116316233810284,2,2,10,7,0.8333333333333334,0.5,9,12,3,2,0,0,home_team
12,5,0.3333333333333333,0.0,21.001200679750696,,0,0,7,3,0.5833333333333334,0.6,9,5,3,0,0,0,draw
14,7,0.6428571428571429,0.42857142857142855,17.152724150688748,20.20882040963228,3,2,8,4,0.5714285714285714,0.5714285714285714,14,5,0,2,0,0,home_team
9,8,0.3333333333333333,0.125,13.295010374444677,12.567020331009255,2,1,7,6,0.7777777777777778,0.75,6,4,3,4,0,0,home_team
9,13,0.3333333333333333,0.3076923076923077,17.655610775378488,10.474649132403698,4,1,7,8,0.7777777777777778,0.6153846153846154,6,9,3,4,0,0,away_team
15,10,0.26666666666666666,0.5,14.61415279921474,21.01068338339483,0,1,9,6,0.6,0.6,12,8,3,2,0,0,away_team
14,10,0.14285714285714285,0.3,21.779342934110694,16.769088952675308,1,2,9,3,0.6428571428571429,0.3,12,10,2,0,0,0,away_team
14,9,0.14285714285714285,0.2222222222222222,26.34827261164709,16.665341869503077,0,2,8,6,0.5714285714285714,0.6666666666666666,12,6,2,3,0,0,away_team
14,12,0.35714285714285715,0.5833333333333334,9.757310775937686,19.27192620736575,4,2,10,7,0.7142857142857143,0.5833333333333334,9,12,5,0,0,0,away_team
20,11,0.2,0.36363636363636365,14.380644771867123,9.098933943854297,2,1,14,7,0.7,0.6363636363636364,16,8,4,3,0,0,draw
10,12,0.4,0.3333333333333333,27.301878007872972,20.902704353580795,0,1,1,6,0.1,0.5,10,10,0,2,0,0,away_team
15,12,0.5333333333333333,0.25,14.483734710334321,14.55584824347273,3,2,13,8,0.8666666666666667,0.6666666666666666,13,9,2,3,0,0,home_team
11,8,0.2727272727272727,0.375,18.12268872422987,15.6233953357236,1,1,8,3,0.7272727272727273,0.375,6,7,4,1,1,0,draw
10,12,0.1,0.16666666666666666,16.980577139779438,9.976878742290062,0,2,6,9,0.6,0.75,8,10,2,2,0,0,away_team
14,4,0.5714285714285714,0.0,17.63479871421312,,3,0,8,1,0.5714285714285714,0.25,11,3,3,1,0,0,home_team
12,21,0.3333333333333333,0.38095238095238093,18.53602116785953,16.00515145360172,2,2,5,9,0.4166666666666667,0.42857142857142855,10,20,2,1,0,0,away_team
14,7,0.35714285714285715,0.14285714285714285,15.613856588248007,27.680498550423547,4,1,12,4,0.8571428571428571,0.5714285714285714,12,6,2,1,0,0,home_team
8,21,0.5,0.38095238095238093,18.400244326701646,12.976757371480826,2,7,4,18,0.5,0.8571428571428571,5,18,3,3,0,0,away_team
11,6,0.36363636363636365,0.5,22.29482112287003,14.677143913922587,1,1,3,4,0.2727272727272727,0.6666666666666666,10,5,1,1,0,0,draw
15,12,0.26666666666666666,0.5,16.12937345690689,16.319191101856884,3,1,11,8,0.7333333333333333,0.6666666666666666,11,10,4,2,0,0,home_team
13,8,0.46153846153846156,0.5,10.054693969451284,20.4698229529271,4,1,9,6,0.6923076923076923,0.75,10,8,3,0,0,0,home_team
12,10,0.4166666666666667,0.2,12.240711788044923,10.24997666885092,3,0,7,4,0.5833333333333334,0.4,11,8,1,2,0,0,home_team
19,9,0.15789473684210525,0.6666666666666666,25.417278248945863,19.044954350768478,1,2,13,5,0.6842105263157895,0.5555555555555556,13,9,6,0,0,0,away_team
11,10,0.36363636363636365,0.4,15.71244451328976,20.71817997462162,0,0,5,5,0.45454545454545453,0.5,9,8,2,2,0,0,home_team
20,8,0.55,0.375,18.80435127382661,16.33405022639867,2,3,9,5,0.45,0.625,17,6,3,2,0,0,home_team
7,10,0.0,0.7,,15.497411611165404,0,2,4,8,0.5714285714285714,0.8,5,9,2,1,0,0,away_team
15,10,0.2,0.3,12.990646520969847,26.66166831402388,4,0,12,4,0.8,0.4,13,9,2,1,0,0,draw
5,11,0.2,0.5454545454545454,8.658521813797094,26.043699421885538,1,1,3,5,0.6,0.45454545454545453,4,10,1,1,0,0,away_team
12,10,0.16666666666666666,0.3,27.803462854485957,22.53728792901819,2,0,6,5,0.5,0.5,9,8,3,2,0,0,away_team
9,7,0.7777777777777778,0.14285714285714285,16.330341035376662,22.207206037680656,4,0,7,4,0.7777777777777778,0.5714285714285714,9,6,0,1,0,0,home_team
10,21,0.3,0.19047619047619047,18.171316383253,17.85022093621019,0,1,6,14,0.6,0.6666666666666666,10,18,0,3,0,0,away_team
14,7,0.2857142857142857,0.5714285714285714,22.353157663778948,18.877785365834075,2,0,6,4,0.42857142857142855,0.5714285714285714,13,5,1,2,0,0,draw
15,5,0.4,0.4,10.753289320310515,7.629990356458018,6,1,10,5,0.6666666666666666,1.0,15,2,0,3,0,0,draw
14,6,0.42857142857142855,0.16666666666666666,13.966225626674477,11.178998166204346,1,1,12,5,0.8571428571428571,0.8333333333333334,8,5,6,1,0,0,home_team
14,13,0.2857142857142857,0.38461538461538464,18.284480856831394,13.3968681124516,7,1,11,7,0.7857142857142857,0.5384615384615384,10,9,4,4,0,0,home_team
15,6,0.5333333333333333,0.16666666666666666,14.906887291777096,22.94907405539492,6,0,11,2,0.7333333333333333,0.3333333333333333,13,6,1,0,1,0,home_team
7,15,0.14285714285714285,0.4,14.591093173576818,26.651095153446477,0,0,2,9,0.2857142857142857,0.6,7,13,0,2,0,0,home_team
19,3,0.47368421052631576,0.3333333333333333,16.707856002738893,7.694153624668533,3,3,14,3,0.7368421052631579,1.0,15,2,4,1,0,0,home_team
16,6,0.4375,0.16666666666666666,14.191743302089165,23.842189496772317,4,1,11,3,0.6875,0.5,12,6,4,0,0,0,home_team
13,9,0.15384615384615385,0.4444444444444444,24.377409746538817,23.652969620024223,0,1,3,5,0.23076923076923078,0.5555555555555556,11,7,2,2,0,0,home_team
8,10,0.125,0.2,10.062305898749054,9.544752089188542,0,0,5,7,0.625,0.7,7,5,1,5,0,0,draw
15,12,0.26666666666666666,0.3333333333333333,18.97555392692183,12.811243810233576,2,2,12,8,0.8,0.6666666666666666,9,9,5,3,1,0,away_team
12,7,0.25,0.14285714285714285,9.405521657285604,12.182364302548171,2,1,6,6,0.5,0.8571428571428571,9,5,3,2,0,0,draw
17,13,0.4117647058823529,0.3076923076923077,16.111342135953286,14.581741512603802,2,1,10,7,0.5882352941176471,0.5384615384615384,16,12,1,1,0,0,home_team
12,4,0.25,0.25,13.3652614360235,24.8847342762586,2,0,8,2,0.6666666666666666,0.5,11,4,1,0,0,0,home_team
15,15,0.4,0.4,14.565451068321375,16.89631953791923,1,1,9,7,0.6,0.4666666666666667,13,13,2,2,0,0,draw
14,13,0.2857142857142857,0.38461538461538464,19.500441088416988,16.075433556167404,0,6,9,10,0.6428571428571429,0.7692307692307693,14,11,0,2,0,0,away_team
15,13,0.2,0.5384615384615384,18.89377995380484,18.978160741490182,0,1,8,9,0.5333333333333333,0.6923076923076923,8,12,7,1,0,0,away_team
11,22,0.18181818181818182,0.2727272727272727,13.447314952383847,17.32485590621308,2,1,7,14,0.6363636363636364,0.6363636363636364,7,17,4,5,0,0,draw
8,20,0.5,0.3,14.152204832069206,11.971221573405364,0,4,6,14,0.75,0.7,6,15,2,4,0,1,draw
26,8,0.38461538461538464,0.5,16.629373358762415,14.303652150672763,5,1,13,7,0.5,0.875,22,8,4,0,0,0,home_team
14,7,0.5,0.14285714285714285,17.452159507309705,11.253888216967509,1,1,9,2,0.6428571428571429,0.2857142857142857,13,7,1,0,0,0,home_team
16,14,0.3125,0.35714285714285715,18.29563836191196,12.500225094854253,1,1,11,9,0.6875,0.6428571428571429,10,12,5,2,1,0,away_team
8,9,0.125,0.2222222222222222,16.68202625582396,15.7707723515641,3,0,7,8,0.875,0.8888888888888888,7,7,1,2,0,0,draw
11,6,0.45454545454545453,0.16666666666666666,16.716739041556465,9.319334740205438,1,0,7,5,0.6363636363636364,0.8333333333333334,10,3,1,3,0,0,draw
17,8,0.6470588235294118,0.5,13.00449309191547,13.50525463986789,8,2,14,5,0.8235294117647058,0.625,12,5,5,3,0,0,home_team
12,8,0.25,0.5,20.328068326972097,12.233092683196563,0,5,10,7,0.8333333333333334,0.875,10,8,2,0,0,0,away_team
13,8,0.46153846153846156,0.375,12.878883719535436,16.813173813360436,3,1,9,3,0.6923076923076923,0.375,13,7,0,1,0,0,home_team
17,11,0.23529411764705882,0.09090909090909091,30.799322880682784,29.94294574686999,1,2,10,6,0.5882352941176471,0.5454545454545454,12,9,5,2,0,0,draw
15,8,0.4,0.25,21.245887358678864,17.483168718114847,3,0,10,3,0.6666666666666666,0.375,13,6,2,2,0,0,away_team
15,15,0.5333333333333333,0.2,12.564605388461795,14.02816609438448,5,2,9,8,0.6,0.5333333333333333,12,11,3,4,0,0,home_team
14,15,0.21428571428571427,0.4,14.527774078651367,15.118941852130826,0,1,9,11,0.6428571428571429,0.7333333333333333,13,15,1,0,0,0,away_team
9,7,0.2222222222222222,0.42857142857142855,22.4949018413332,19.254818554350262,0,2,4,2,0.4444444444444444,0.2857142857142857,9,6,0,1,0,0,draw
11,17,0.2727272727272727,0.29411764705882354,19.243604457275676,19.480960957120253,0,0,7,13,0.6363636363636364,0.7647058823529411,9,17,2,0,0,0,away_team
23,7,0.34782608695652173,0.5714285714285714,20.423396739884325,16.437024680929493,2,3,12,6,0.5217391304347826,0.8571428571428571,21,5,2,2,0,0,home_team
15,9,0.4,0.2222222222222222,11.945170715576756,13.131472566139575,3,2,9,5,0.6,0.5555555555555556,12,7,3,2,0,0,home_team
13,17,0.23076923076923078,0.17647058823529413,12.105566992147942,27.69478782893495,2,0,13,9,1.0,0.5294117647058824,10,14,2,3,1,0,home_team
10,14,0.4,0.35714285714285715,14.167031253128448,14.486944804744331,1,0,10,10,1.0,0.7142857142857143,4,11,6,3,0,0,away_team
19,13,0.3157894736842105,0.46153846153846156,22.278515488628063,22.032344352685172,4,2,9,6,0.47368421052631576,0.46153846153846156,19,11,0,2,0,0,away_team
14,12,0.5,0.3333333333333333,21.472541127347792,13.095062100600831,0,4,9,11,0.6428571428571429,0.9166666666666666,10,9,4,3,0,0,home_team
8,9,0.125,0.3333333333333333,13.981773850266638,14.11283197964543,1,1,4,7,0.5,0.7777777777777778,7,6,1,3,0,0,draw
5,13,0.2,0.46153846153846156,11.574109036984229,16.726275999704928,1,1,2,7,0.4,0.5384615384615384,4,11,1,2,0,0,home_team
7,12,0.2857142857142857,0.25,27.230202564530963,14.185873541118061,0,1,5,7,0.7142857142857143,0.5833333333333334,4,9,3,3,0,0,home_team
18,6,0.3888888888888889,0.5,20.11499445471699,9.40048009729321,3,1,12,5,0.6666666666666666,0.8333333333333334,12,5,6,1,0,0,away_team
12,5,0.3333333333333333,0.8,7.564462619416348,18.65529234569856,2,1,10,2,0.8333333333333334,0.4,6,5,6,0,0,0,draw
13,22,0.3076923076923077,0.5,19.578957166837494,16.06713924772177,0,6,8,11,0.6153846153846154,0.5,11,21,2,1,0,0,away_team
14,7,0.42857142857142855,0.2857142857142857,18.58151564553651,19.470999670095193,1,1,12,4,0.8571428571428571,0.5714285714285714,11,6,3,1,0,0,home_team
8,11,0.375,0.09090909090909091,13.484837213583923,30.754674441456867,2,1,8,6,1.0,0.5454545454545454,7,9,1,2,0,0,home_team
10,12,0.4,0.16666666666666666,23.53929455703448,16.83169262314093,0,1,1,9,0.1,0.75,9,8,1,4,0,0,draw
8,7,0.5,0.42857142857142855,11.576943564780823,18.756805830918722,2,0,7,5,0.875,0.7142857142857143,5,4,3,3,0,0,home_team
12,10,0.3333333333333333,0.2,18.622938475231038,12.333577395742596,1,2,7,6,0.5833333333333334,0.6,12,10,0,0,0,0,home_team
22,7,0.3181818181818182,0.2857142857142857,15.784418209028178,18.803785016817564,2,1,17,6,0.7727272727272727,0.8571428571428571,19,7,3,0,0,0,away_team
18,10,0.2777777777777778,0.4,16.06265367999013,28.059059728032665,3,2,14,5,0.7777777777777778,0.5,17,10,1,0,0,0,draw
9,3,0.4444444444444444,0.3333333333333333,22.225211195789957,7.566372975210776,1,1,5,2,0.5555555555555556,0.6666666666666666,8,2,1,1,0,0,draw
17,17,0.29411764705882354,0.5294117647058824,20.228718836655894,10.390892769506051,2,9,8,14,0.47058823529411764,0.8235294117647058,16,17,1,0,0,0,away_team
15,7,0.3333333333333333,0.42857142857142855,17.606367093612313,13.249393489789485,1,1,13,5,0.8666666666666667,0.7142857142857143,9,7,6,0,0,0,away_team
12,11,0.3333333333333333,0.36363636363636365,14.686149592559754,20.34182386931855,1,1,9,6,0.75,0.5454545454545454,11,9,1,2,0,0,draw
14,18,0.14285714285714285,0.4444444444444444,15.84640257085038,14.422242743577797,2,3,5,13,0.35714285714285715,0.7222222222222222,14,14,0,4,0,0,home_team
13,8,0.46153846153846156,0.25,16.954298470975825,13.785023772220226,0,2,9,4,0.6923076923076923,0.5,8,7,5,1,0,0,away_team
9,9,0.6666666666666666,0.2222222222222222,9.659183576593835,17.87406420843284,5,1,8,6,0.8888888888888888,0.6666666666666666,8,9,1,0,0,0,home_team
13,14,0.46153846153846156,0.35714285714285715,14.153811123098107,19.72877515697848,5,1,12,9,0.9230769230769231,0.6428571428571429,11,10,2,4,0,0,home_team
21,3,0.3333333333333333,0.0,19.827913082641825,,4,0,12,2,0.5714285714285714,0.6666666666666666,15,2,6,1,0,0,home_team
20,5,0.3,0.4,16.716988583237057,24.32218481394611,2,0,13,3,0.65,0.6,17,5,3,0,0,0,home_team
10,19,0.5,0.42105263157894735,20.25038498378301,20.172471963970878,1,1,7,10,0.7,0.5263157894736842,10,16,0,3,0,0,draw
13,8,0.23076923076923078,0.125,15.750133083598413,28.832100166307693,1,0,8,3,0.6153846153846154,0.375,7,7,6,1,0,0,home_team
11,16,0.5454545454545454,0.25,18.84313747432699,12.209739435522598,2,3,6,10,0.5454545454545454,0.625,9,12,2,4,0,0,away_team
14,7,0.2857142857142857,0.5714285714285714,27.198359851969705,20.874773470316967,2,0,8,3,0.5714285714285714,0.42857142857142855,12,5,2,2,0,0,home_team
18,5,0.5555555555555556,0.8,14.58847040315147,21.04466215284161,5,1,14,2,0.7777777777777778,0.4,15,5,3,0,0,0,draw
8,7,0.375,0.2857142857142857,19.90746640589786,22.411486124163858,0,1,3,6,0.375,0.8571428571428571,8,3,0,4,0,0,draw
16,12,0.25,0.25,15.924401804839393,15.678313245711463,3,1,10,7,0.625,0.5833333333333334,15,10,1,2,0,0,home_team
23,4,0.34782608695652173,0.25,12.27754610278648,11.1610931364271,7,1,16,3,0.6956521739130435,0.75,19,4,4,0,0,0,home_team
15,12,0.6,0.4166666666666667,17.744630171694766,19.98010025214798,0,3,10,8,0.6666666666666666,0.6666666666666666,11,11,4,0,0,1,home_team
9,9,0.2222222222222222,0.1111111111111111,11.190801865798093,21.28097742116184,0,0,8,5,0.8888888888888888,0.5555555555555556,6,9,3,0,0,0,draw
11,5,0.18181818181818182,0.4,10.193971524998691,15.549131180906052,1,1,5,4,0.45454545454545453,0.8,10,5,1,0,0,0,home_team
11,18,0.36363636363636365,0.3333333333333333,25.021200679849514,15.488185528995382,0,1,6,12,0.5454545454545454,0.6666666666666666,9,12,2,6,0,0,away_team
12,7,0.5,0.0,17.077408253714882,,2,1,7,3,0.5833333333333334,0.42857142857142855,10,6,2,1,0,0,home_team
15,9,0.3333333333333333,0.5555555555555556,25.6656962830943,18.415830483958217,0,1,4,7,0.26666666666666666,0.7777777777777778,14,9,1,0,0,0,away_team
12,13,0.5,0.15384615384615385,20.372557616735705,14.564204368108332,1,1,6,5,0.5,0.38461538461538464,12,11,0,2,0,0,home_team
24,11,0.375,0.36363636363636365,15.80361898329696,13.373288968248197,3,4,18,10,0.75,0.9090909090909091,16,10,8,1,0,0,home_team
7,8,0.14285714285714285,0.375,20.120636172845032,18.15194943789716,0,1,2,6,0.2857142857142857,0.75,7,8,0,0,0,0,away_team
3,12,1.0,0.4166666666666667,16.146142755158962,18.9992971934059,0,1,2,3,0.6666666666666666,0.25,2,12,1,0,0,0,home_team
2,12,0.5,0.3333333333333333,12.781236246936365,12.991722914201002,0,3,1,10,0.5,0.8333333333333334,1,11,1,1,0,0,away_team
14,11,0.35714285714285715,0.45454545454545453,17.146749780351918,16.028144142541468,3,3,6,8,0.42857142857142855,0.7272727272727273,12,10,2,1,0,0,home_team
11,17,0.45454545454545453,0.29411764705882354,21.756912785389275,18.415409424875296,1,2,4,11,0.36363636363636365,0.6470588235294118,9,14,2,3,0,0,home_team
22,6,0.4090909090909091,0.5,14.730467438752653,25.871011326216607,4,2,16,3,0.7272727272727273,0.5,21,5,1,1,0,0,draw
15,17,0.5333333333333333,0.4117647058823529,12.825677876467235,19.896208346382622,4,3,11,10,0.7333333333333333,0.5882352941176471,11,17,4,0,0,0,home_team
4,9,0.5,0.3333333333333333,40.868551600431346,30.60366810176403,0,0,1,5,0.25,0.5555555555555556,4,5,0,4,0,0,draw
19,9,0.42105263157894735,0.3333333333333333,17.180243263515663,15.964935408508095,1,1,13,5,0.6842105263157895,0.5555555555555556,16,9,3,0,0,0,draw
12,17,0.5,0.29411764705882354,19.918228565387786,15.045258939186724,1,1,8,10,0.6666666666666666,0.5882352941176471,8,13,4,4,0,0,home_team
12,11,0.4166666666666667,0.6363636363636364,16.513618723732726,14.402703058115799,2,3,10,6,0.8333333333333334,0.5454545454545454,12,9,0,2,0,0,away_team
11,8,0.36363636363636365,0.5,22.66546834908302,24.709895852634695,0,1,6,4,0.5454545454545454,0.5,10,8,1,0,0,0,away_team
12,13,0.25,0.38461538461538464,15.615192443165435,23.62643364911841,1,0,6,5,0.5,0.38461538461538464,9,13,3,0,0,0,home_team
14,4,0.5,0.25,11.919220316692716,13.97855500400524,4,1,10,3,0.7142857142857143,0.75,12,3,2,1,0,0,home_team
14,12,0.5714285714285714,0.5833333333333334,19.895883853923333,13.642813349572068,3,2,11,8,0.7857142857142857,0.6666666666666666,12,10,2,2,0,0,home_team
10,16,0.2,0.3125,12.776699841121523,16.2710476065772,1,2,3,9,0.3,0.5625,9,13,1,3,0,0,away_team
7,12,0.14285714285714285,0.8333333333333334,18.916923639957957,14.282228057369455,0,3,2,7,0.2857142857142857,0.5833333333333334,6,9,1,3,0,0,away_team
10,13,0.7,0.6153846153846154,15.899428992965216,20.179602557261916,3,2,9,6,0.9,0.46153846153846156,9,12,1,1,0,0,home_team
16,11,0.375,0.45454545454545453,16.402260460253085,23.929758981631814,3,1,11,4,0.6875,0.36363636363636365,16,11,0,0,0,0,home_team
19,11,0.47368421052631576,0.18181818181818182,20.30561835389772,11.174432510505296,2,3,9,6,0.47368421052631576,0.5454545454545454,19,9,0,2,0,0,home_team
7,14,0.7142857142857143,0.35714285714285715,11.946111480096738,14.763685908857976,3,2,6,7,0.8571428571428571,0.5,5,9,2,5,0,0,home_team
14,8,0.5,0.5,14.678621611652124,19.021285367868387,3,2,10,4,0.7142857142857143,0.5,12,6,2,2,0,0,home_team
11,7,0.45454545454545453,0.5714285714285714,15.067910826237432,19.170497874120336,1,0,5,4,0.45454545454545453,0.5714285714285714,8,6,3,1,0,0,home_team
8,15,0.0,0.4,,19.681940688524048,1,1,5,7,0.625,0.4666666666666667,6,13,2,2,0,0,away_team
